Order_ID,Product_ID,Quantity,Total
1,1,2,51.98
1,2,1,79.99
1,9,2,83.09
1,125,4,10.55
1,131,2,90.06
1,183,3,86.54
1,216,3,5.73
2,4,1,299.99
2,49,2,50.64
2,95,3,15.6
2,122,5,22.99
2,126,4,79.27
2,165,3,9.63
3,1,1,25.99
3,23,4,69.17
3,49,2,63.11
3,132,4,82.42
3,146,1,26.92
3,224,2,66.22
4,6,1,29.99
4,33,2,94.75
4,34,2,22.26
4,108,2,53.02
4,178,5,83.45
4,204,3,64.71
5,10,1,35.71
5,14,1,59.99
5,58,3,92.92
5,200,5,6.37
5,224,4,25.33
5,227,4,37.77
6,13,1,24.99
6,31,4,82.62
6,97,2,99.49
6,120,1,98.77
6,177,4,7.89
6,180,2,26.91
7,10,1,199.99
7,31,4,70.39
7,37,5,33.5
7,71,3,41.03
7,203,2,95.52
7,216,2,23.33
8,11,1,79.99
8,38,4,62.88
8,76,3,21.59
8,80,4,96.18
8,105,3,36.74
8,164,4,32.06
9,12,1,39.99
9,49,4,32.2
9,134,2,54.8
9,221,4,45.28
9,222,1,32.01
9,230,3,59.75
10,7,2,79.98
10,22,3,84.59
10,62,1,84.43
10,96,5,46.8
10,116,4,50.67
10,125,1,99.68
11,8,3,119.97
11,61,4,70.19
11,84,2,18.56
11,143,2,93.53
11,145,3,57.18
11,229,2,77.14
12,9,1,25.99
12,29,2,60.9
12,74,2,68.81
12,120,5,40.08
12,143,1,50.73
12,183,3,43.3
13,5,1,39.99
13,41,2,65.8
13,110,4,33.11
13,149,2,82.95
13,195,5,12.2
13,221,2,73.48
14,9,2,72.85
14,135,4,86.37
14,155,4,13.42
14,176,5,77.16
14,232,1,70.69
15,28,1,64.59
15,36,5,16.65
15,137,5,48.69
15,182,5,57.72
15,203,1,53.32
16,8,5,18.11
16,135,4,83.54
16,219,5,14.51
16,223,2,74.0
16,226,5,26.51
17,16,5,70.31
17,54,2,30.2
17,69,3,82.08
17,220,4,20.32
17,230,4,94.86
18,23,4,45.86
18,40,2,40.21
18,122,5,75.36
18,132,4,18.33
18,234,4,57.55
19,37,5,6.21
19,98,4,13.27
19,114,1,18.62
19,129,3,32.97
19,200,4,60.88
20,16,5,86.5
20,23,3,74.68
20,29,1,74.44
20,71,1,87.86
20,218,2,13.35
21,69,3,11.35
21,100,3,70.94
21,142,4,80.51
21,164,1,32.04
21,171,2,74.89
22,79,4,10.7
22,108,5,76.04
22,205,4,31.33
22,209,4,42.37
22,226,2,93.88
23,12,5,92.85
23,51,5,74.46
23,55,1,41.91
23,64,4,31.29
23,116,5,10.14
24,6,3,71.82
24,86,1,26.63
24,106,3,53.98
24,110,5,14.57
24,218,1,41.07
25,2,2,17.73
25,38,5,51.94
25,40,1,66.26
25,66,3,95.01
25,167,4,25.98
26,16,2,71.64
26,67,5,17.13
26,102,4,50.78
26,107,2,55.56
26,174,2,82.43
27,1,1,22.78
27,18,2,85.25
27,72,2,79.48
27,204,2,65.72
27,235,1,39.94
28,31,1,39.67
28,62,2,44.66
28,100,2,66.34
28,114,1,48.61
28,231,1,80.33
29,10,3,20.81
29,24,5,56.8
29,44,3,69.69
29,93,5,85.62
29,103,5,32.27
30,19,2,39.44
30,98,2,79.88
30,128,3,32.4
30,175,1,47.96
30,228,4,21.57
31,48,4,35.51
31,130,3,57.28
31,131,5,63.86
31,160,4,30.79
31,204,5,54.43
32,45,4,27.14
32,82,2,82.34
32,91,2,76.87
32,157,1,5.4
32,168,5,82.12
33,18,4,55.22
33,44,4,76.78
33,75,2,56.84
33,186,4,17.99
33,218,4,57.76
34,4,3,95.16
34,45,5,33.25
34,46,3,48.58
34,93,3,10.09
34,191,2,88.33
35,2,3,14.29
35,78,1,7.78
35,177,1,12.21
35,193,1,36.96
35,215,4,65.18
36,44,1,30.71
36,119,5,70.15
36,187,4,91.46
36,210,1,80.85
36,218,4,28.73
37,47,4,53.13
37,74,4,20.14
37,97,4,97.08
37,116,1,93.39
37,121,2,45.69
38,72,4,92.49
38,86,5,20.65
38,164,3,58.45
38,207,2,22.64
38,235,2,75.77
39,12,4,93.39
39,135,4,8.61
39,137,2,70.26
39,205,3,74.98
39,222,4,16.75
40,6,1,72.92
40,9,4,24.22
40,50,3,55.9
40,139,3,53.03
40,211,2,67.67
41,61,4,48.66
41,107,3,99.43
41,111,5,49.57
41,164,3,78.79
41,173,2,20.37
42,47,3,49.28
42,135,1,5.19
42,166,1,56.38
42,211,2,79.92
42,216,5,50.62
43,65,3,52.5
43,74,3,9.39
43,79,1,23.52
43,87,4,40.42
43,109,3,87.02
44,26,2,71.09
44,31,4,99.78
44,157,2,70.41
44,208,3,7.25
44,214,1,57.65
45,24,1,45.75
45,73,1,41.9
45,81,1,23.42
45,150,3,72.97
45,208,3,52.49
46,68,1,16.02
46,99,3,48.29
46,142,2,28.41
46,145,4,16.26
46,178,1,64.98
47,104,5,36.55
47,125,3,84.98
47,166,1,68.1
47,188,2,83.81
47,189,5,20.96
48,1,1,29.4
48,76,5,45.75
48,83,2,18.85
48,112,4,43.38
48,167,4,95.96
49,24,4,26.91
49,127,1,34.36
49,174,1,98.73
49,208,5,26.94
49,235,2,39.09
50,12,1,8.74
50,158,4,81.89
50,164,5,59.56
50,166,3,13.62
50,213,4,76.92
51,6,4,72.66
51,50,1,78.88
51,69,3,84.79
51,117,1,86.96
51,188,1,19.84
52,16,3,95.48
52,53,4,70.86
52,124,4,5.83
52,204,2,36.9
52,219,1,84.12
53,22,4,13.71
53,23,3,53.64
53,82,5,76.81
53,141,4,50.86
53,196,3,59.48
54,49,2,21.6
54,121,5,68.47
54,122,3,92.85
54,150,3,9.78
54,213,4,16.79
55,29,3,72.28
55,61,2,58.93
55,86,3,27.84
55,115,1,21.57
55,165,1,20.77
56,38,2,90.06
56,100,3,74.23
56,189,4,88.1
56,190,5,50.01
56,229,1,30.2
57,64,5,60.26
57,70,3,76.09
57,129,3,42.36
57,146,4,28.17
57,186,3,33.99
58,71,2,19.85
58,84,4,63.23
58,112,3,33.54
58,117,5,79.1
58,194,3,76.95
59,44,1,11.85
59,59,5,91.29
59,61,4,37.99
59,158,1,75.53
59,179,1,24.5
60,123,4,76.85
60,172,2,24.14
60,192,5,8.64
60,210,3,98.07
60,232,4,85.36
61,22,2,37.66
61,52,4,36.78
61,60,5,29.76
61,112,3,32.11
61,177,4,67.34
62,49,1,53.62
62,53,1,89.86
62,137,2,66.83
62,153,1,68.76
62,235,3,15.37
63,15,4,61.45
63,37,4,98.39
63,48,3,90.44
63,149,4,23.25
63,196,2,66.77
64,53,2,59.92
64,66,1,74.09
64,101,5,58.82
64,106,2,23.05
64,109,5,52.37
65,114,1,65.77
65,138,5,89.18
65,165,2,48.7
65,166,1,56.76
65,187,4,25.59
66,75,2,18.94
66,90,4,91.62
66,117,2,63.17
66,152,4,88.63
66,177,2,46.75
67,124,4,6.85
67,142,4,7.75
67,176,4,20.4
67,183,1,14.87
67,203,5,95.95
68,9,1,85.4
68,31,5,91.31
68,38,2,70.08
68,141,2,47.98
68,231,2,33.46
69,12,1,37.11
69,19,3,88.88
69,33,5,75.02
69,66,4,80.84
69,172,5,73.02
70,1,3,29.79
70,53,5,88.21
70,100,2,37.83
70,141,5,86.05
70,190,2,53.96
71,5,4,16.23
71,70,2,7.33
71,142,5,71.26
71,207,1,27.9
71,213,4,45.51
72,42,3,93.79
72,60,1,56.25
72,71,3,56.75
72,204,1,33.63
72,225,4,96.78
73,1,5,91.47
73,117,1,18.11
73,125,2,40.88
73,164,5,61.2
73,229,2,51.22
74,51,1,45.49
74,128,3,50.68
74,172,1,74.4
74,195,2,67.97
74,204,5,59.51
75,16,5,43.77
75,21,5,94.0
75,60,4,24.76
75,115,5,63.35
75,208,2,68.94
76,15,2,10.93
76,50,1,19.97
76,72,4,18.24
76,119,5,62.25
76,233,4,20.66
77,124,5,90.88
77,187,1,71.49
77,200,5,19.55
77,226,3,12.96
77,233,2,61.85
78,40,5,68.54
78,57,4,34.37
78,66,4,93.53
78,98,1,37.79
78,208,5,37.37
79,32,4,58.99
79,52,1,56.74
79,116,1,42.61
79,151,3,6.29
79,208,3,19.76
80,41,2,84.17
80,44,2,43.48
80,117,3,40.44
80,204,5,5.76
80,221,2,45.97
81,20,4,81.78
81,25,3,31.59
81,208,1,32.25
81,216,1,85.08
81,233,1,8.34
82,74,3,27.79
82,78,4,52.72
82,107,3,61.79
82,126,3,81.61
82,150,2,31.98
83,66,3,56.23
83,120,3,39.54
83,130,4,61.39
83,197,5,97.2
83,216,4,25.96
84,22,5,36.59
84,53,1,12.51
84,137,1,48.52
84,171,4,52.25
84,226,1,62.34
85,40,3,13.64
85,100,4,18.23
85,144,2,42.74
85,200,5,28.21
85,234,5,13.73
86,41,2,70.94
86,65,3,80.17
86,124,3,56.55
86,152,1,11.17
86,230,1,88.19
87,19,1,81.22
87,77,2,91.61
87,86,5,56.09
87,180,3,17.72
87,192,5,32.81
88,8,3,7.01
88,140,3,44.87
88,165,2,40.06
88,168,4,82.05
88,196,4,91.66
89,3,5,54.84
89,18,1,36.15
89,19,2,34.99
89,38,4,5.72
89,67,1,95.3
90,1,4,15.12
90,8,3,91.91
90,70,3,19.21
90,100,5,49.71
90,187,2,24.33
91,32,4,75.82
91,44,5,10.72
91,65,1,69.58
91,69,3,49.17
91,209,2,43.61
92,131,2,43.34
92,140,3,31.96
92,141,3,48.55
92,166,1,18.82
92,186,4,75.25
93,21,2,82.85
93,25,2,88.42
93,138,1,6.63
93,140,4,47.65
93,212,2,44.84
94,22,1,70.96
94,56,4,37.67
94,93,5,34.05
94,180,1,97.84
94,200,1,83.06
95,1,2,98.41
95,10,3,13.81
95,86,2,98.69
95,99,1,63.59
95,185,5,73.08
96,4,1,37.54
96,56,2,46.54
96,93,5,76.55
96,138,1,27.95
96,226,4,45.76
97,25,4,21.53
97,39,1,63.05
97,59,5,12.61
97,160,4,96.43
97,166,4,66.27
98,11,4,60.71
98,51,3,97.63
98,57,2,87.41
98,133,4,7.31
98,164,3,58.18
99,6,4,65.01
99,47,5,6.11
99,134,1,32.87
99,188,5,29.72
99,198,3,67.76
100,15,4,35.43
100,17,1,33.36
100,49,5,60.68
100,94,1,80.05
100,157,5,33.37
101,25,5,67.75
101,59,4,44.0
101,164,4,98.28
101,199,3,57.21
101,206,2,46.78
102,25,1,55.96
102,36,2,51.19
102,56,5,75.35
102,125,1,16.39
102,138,1,21.51
103,2,5,45.64
103,12,5,69.48
103,17,2,46.63
103,140,1,48.41
103,161,2,48.31
104,8,3,93.24
104,33,4,11.71
104,85,4,21.34
104,88,5,14.47
104,183,4,49.24
105,41,4,43.34
105,50,1,40.63
105,60,1,35.88
105,83,4,28.84
105,170,5,33.71
106,16,1,62.63
106,120,4,42.17
106,155,5,90.66
106,157,1,85.07
106,175,2,5.44
107,43,3,58.72
107,94,5,15.31
107,100,5,7.15
107,152,4,44.5
107,157,4,82.79
108,104,5,38.5
108,108,1,74.39
108,124,2,69.06
108,145,1,49.42
108,172,3,39.59
109,6,5,52.24
109,32,2,96.39
109,81,2,73.66
109,179,4,9.82
109,198,4,41.23
110,27,1,32.84
110,56,1,63.91
110,61,2,29.79
110,88,1,82.34
110,208,2,71.99
111,60,1,61.6
111,72,2,96.21
111,115,2,36.83
111,151,1,41.25
111,227,3,42.4
112,84,3,78.93
112,93,2,30.46
112,156,3,79.23
112,179,1,16.04
112,231,4,79.84
113,16,4,96.52
113,101,4,7.55
113,163,4,65.36
113,182,2,14.1
113,222,5,87.94
114,142,1,74.81
114,188,5,12.62
114,200,4,12.24
114,223,2,85.32
114,232,5,73.89
115,6,4,85.86
115,52,2,49.44
115,55,5,16.13
115,107,4,11.8
115,129,4,75.37
116,31,1,49.26
116,172,3,64.0
116,177,4,64.71
116,216,1,77.76
116,222,3,34.13
117,23,3,37.36
117,97,3,44.37
117,136,4,61.33
117,211,1,27.03
117,219,5,33.49
118,27,2,63.99
118,47,1,95.18
118,64,5,16.09
118,131,3,86.12
118,197,4,35.22
119,41,2,87.05
119,52,4,7.95
119,173,1,23.51
119,195,2,87.5
119,225,4,29.42
120,7,3,15.71
120,23,3,79.45
120,107,3,88.44
120,207,3,11.42
120,208,4,43.53
121,31,3,8.19
121,118,3,47.84
121,129,3,49.86
121,136,5,81.67
121,186,1,64.96
122,46,1,60.3
122,62,2,9.49
122,79,3,55.06
122,144,4,48.91
122,164,3,90.66
123,71,2,92.4
123,92,4,15.24
123,98,3,90.1
123,125,5,31.78
123,134,5,68.79
124,8,5,69.17
124,68,1,40.69
124,113,4,24.13
124,116,1,23.46
124,214,5,29.5
125,21,4,44.78
125,51,5,46.03
125,75,4,52.57
125,185,3,6.22
125,208,2,17.62
126,52,3,52.75
126,66,4,75.85
126,124,3,14.89
126,127,5,96.81
126,161,4,47.39
127,15,5,98.5
127,46,2,51.42
127,157,5,90.42
127,174,3,30.33
127,193,4,46.15
128,45,5,22.98
128,60,1,13.2
128,76,2,99.47
128,177,5,57.63
128,218,4,69.04
129,94,3,92.53
129,124,1,7.25
129,140,3,62.67
129,204,3,20.36
129,224,1,17.86
130,127,5,78.62
130,161,3,88.67
130,181,5,67.88
130,197,1,28.5
130,233,2,63.98
131,10,2,7.5
131,155,4,33.26
131,199,4,85.65
131,200,2,57.7
131,207,3,34.21
132,42,3,57.39
132,43,2,80.75
132,65,4,58.66
132,123,5,52.12
132,155,5,67.79
133,8,5,27.8
133,28,2,24.02
133,31,5,36.86
133,43,1,32.55
133,111,2,9.85
134,13,5,66.91
134,20,2,60.45
134,154,1,11.99
134,165,1,98.78
134,218,2,98.7
135,10,1,93.84
135,52,1,55.61
135,112,2,93.8
135,120,2,28.62
135,232,2,97.18
136,76,3,94.06
136,106,2,6.24
136,108,2,40.85
136,117,2,7.74
136,130,2,79.71
137,45,3,5.05
137,55,1,25.18
137,69,5,36.99
137,107,3,35.81
137,220,3,61.18
138,50,1,29.16
138,52,3,31.31
138,165,3,8.43
138,177,5,73.48
138,235,2,14.27
139,23,2,32.86
139,39,3,98.09
139,103,5,98.26
139,170,4,38.55
139,211,2,56.46
140,161,2,57.51
140,177,5,39.04
140,183,2,63.82
140,184,3,58.06
140,198,1,26.64
141,54,4,47.07
141,67,2,44.07
141,112,1,11.93
141,133,3,24.83
141,147,3,58.81
142,62,5,56.77
142,109,2,71.31
142,176,1,58.7
142,216,1,21.91
142,224,3,11.83
143,78,2,75.64
143,147,3,41.89
143,152,3,74.94
143,189,2,85.92
143,223,4,69.68
144,63,3,94.84
144,100,1,26.12
144,118,1,26.94
144,162,2,54.99
144,231,3,26.57
145,80,1,74.52
145,84,5,80.66
145,95,1,12.28
145,98,1,38.93
145,184,5,73.84
146,20,3,29.92
146,76,5,60.68
146,192,1,80.59
146,203,2,47.02
146,207,3,57.86
147,72,3,54.68
147,84,1,34.57
147,125,1,58.35
147,220,5,70.39
147,231,3,91.21
148,16,5,76.98
148,66,5,67.54
148,138,2,8.91
148,214,3,18.76
148,216,4,17.6
149,125,5,65.59
149,127,3,40.43
149,142,5,38.54
149,174,1,26.36
149,218,4,16.93
150,35,1,15.35
150,121,4,66.05
150,152,1,10.19
150,178,4,59.72
150,218,4,71.49
151,4,3,76.72
151,71,3,28.61
151,147,2,36.09
151,157,4,39.83
151,164,3,87.35
152,107,3,16.82
152,109,3,49.12
152,202,5,42.99
152,226,2,9.13
152,231,2,42.8
153,40,2,52.02
153,69,5,83.06
153,82,3,33.03
153,126,4,24.47
153,135,4,97.6
154,61,3,23.7
154,152,4,73.97
154,165,3,74.71
154,200,3,28.12
154,215,2,89.03
155,66,3,47.59
155,84,2,57.19
155,86,5,78.33
155,121,3,22.92
155,226,3,62.58
156,15,5,73.3
156,39,4,9.42
156,84,2,54.15
156,166,2,33.32
156,213,1,28.09
157,24,1,22.68
157,31,5,53.93
157,70,4,77.3
157,163,3,80.17
157,171,2,16.52
158,12,1,21.21
158,63,4,41.9
158,89,5,69.36
158,103,4,24.11
158,141,5,76.97
159,15,1,72.77
159,77,5,27.63
159,91,5,78.95
159,144,2,25.17
159,202,4,64.78
160,66,5,57.29
160,74,2,72.08
160,75,5,65.28
160,104,4,7.77
160,186,5,91.63
161,16,3,87.62
161,39,1,64.7
161,76,4,76.28
161,118,3,51.04
161,228,5,46.05
162,75,5,68.19
162,97,1,18.41
162,118,3,88.65
162,134,1,56.6
162,178,3,69.87
163,31,1,61.19
163,44,5,19.33
163,93,3,62.1
163,136,1,77.74
163,228,1,26.31
164,15,2,84.21
164,30,4,58.3
164,43,1,74.16
164,77,3,91.73
164,120,1,40.99
165,101,5,64.38
165,114,5,24.04
165,205,5,71.27
165,214,2,27.16
165,217,2,26.96
166,29,4,69.77
166,30,2,23.73
166,102,2,72.43
166,160,3,7.22
166,171,5,92.04
167,8,5,32.17
167,133,2,14.62
167,181,2,8.37
167,208,3,47.81
167,209,2,40.11
168,18,3,35.6
168,25,1,13.66
168,30,1,30.65
168,50,5,79.74
168,133,2,67.24
169,1,5,51.46
169,76,3,44.53
169,136,1,90.47
169,181,5,39.97
169,229,3,98.2
170,1,2,98.15
170,51,1,73.63
170,95,3,32.6
170,143,2,24.5
170,161,4,31.93
171,51,4,63.66
171,117,3,88.01
171,130,1,5.84
171,147,1,68.93
171,235,5,85.79
172,62,4,43.17
172,166,5,41.62
172,210,5,62.94
172,214,3,70.18
172,219,4,73.9
173,57,5,80.62
173,153,3,65.41
173,182,1,87.64
173,210,5,29.4
173,215,5,46.47
174,90,1,90.45
174,91,3,21.66
174,125,5,45.31
174,159,2,73.18
174,206,5,18.01
175,24,1,56.26
175,60,1,36.5
175,99,4,17.39
175,127,5,59.2
175,204,2,43.41
176,67,5,64.32
176,126,5,74.38
176,187,5,29.04
176,218,2,79.65
176,227,4,81.67
177,40,1,18.19
177,128,5,78.01
177,153,2,18.73
177,206,2,12.42
177,219,5,56.38
178,5,3,40.71
178,78,4,9.07
178,99,2,53.77
178,158,4,65.29
178,192,5,50.64
179,25,5,68.42
179,36,2,67.71
179,52,3,35.65
179,112,1,85.22
179,154,3,70.95
180,34,4,42.37
180,45,3,52.99
180,49,1,73.1
180,115,3,32.68
180,190,3,93.62
181,4,3,14.57
181,66,5,26.84
181,88,4,69.53
181,189,2,39.11
181,213,5,26.99
182,6,4,29.71
182,41,2,79.0
182,126,4,15.09
182,168,5,99.55
182,211,1,71.51
183,30,2,16.45
183,49,4,89.83
183,57,3,34.31
183,58,1,44.27
183,136,4,11.24
184,48,2,24.04
184,105,1,68.18
184,108,2,95.59
184,162,1,82.42
184,173,1,86.2
185,24,5,58.7
185,49,4,59.97
185,86,3,27.33
185,149,4,94.95
185,196,2,48.83
186,72,2,44.03
186,93,1,39.75
186,187,5,11.12
186,203,3,78.57
186,226,4,84.99
187,94,1,82.96
187,101,5,99.48
187,178,2,91.78
187,179,5,94.47
187,227,4,36.39
188,52,3,18.89
188,56,4,34.48
188,59,1,17.09
188,61,1,23.11
188,129,2,75.78
189,85,4,97.37
189,121,4,90.0
189,178,2,94.0
189,213,3,91.16
189,227,5,54.85
190,93,3,85.66
190,98,4,28.39
190,155,3,95.86
190,174,3,63.0
190,194,1,58.24
191,35,2,35.43
191,180,2,79.56
191,188,3,77.74
191,197,1,25.97
191,203,5,77.67
192,6,2,85.13
192,30,3,39.15
192,76,4,92.29
192,130,1,44.3
192,190,1,20.5
193,13,1,59.23
193,17,3,9.94
193,57,3,60.44
193,97,3,63.08
193,110,4,44.57
194,90,5,72.88
194,108,2,94.21
194,157,3,59.11
194,167,3,62.93
194,212,3,96.56
195,2,4,68.72
195,8,2,51.71
195,25,4,69.24
195,125,3,71.61
195,235,1,31.94
196,6,2,64.85
196,94,2,47.9
196,107,1,32.85
196,121,1,60.48
196,136,3,31.56
197,32,3,22.93
197,140,2,56.17
197,199,2,83.17
197,200,5,40.44
197,229,4,88.77
198,102,5,79.73
198,123,4,95.35
198,131,3,50.62
198,132,2,15.55
198,185,5,47.74
199,56,1,67.85
199,136,3,46.89
199,151,4,67.18
199,176,1,9.36
199,215,5,72.99
200,34,3,17.8
200,122,5,49.0
200,171,2,67.71
200,199,3,76.02
200,222,3,55.64
201,63,3,58.25
201,88,3,25.19
201,123,1,32.99
201,156,5,67.49
201,226,2,87.06
202,12,1,15.7
202,66,5,81.88
202,120,2,65.11
202,125,5,18.09
202,165,5,81.91
203,3,4,51.85
203,44,1,15.34
203,59,4,98.44
203,70,1,46.6
203,141,1,21.1
204,15,5,6.98
204,37,2,50.65
204,109,3,95.35
204,124,3,11.57
204,207,4,31.28
205,81,5,61.46
205,109,3,46.56
205,119,2,95.04
205,126,4,88.69
205,175,3,65.86
206,6,1,66.02
206,10,3,49.28
206,14,1,59.72
206,119,5,59.65
206,231,1,86.03
207,19,5,33.65
207,79,3,77.18
207,101,1,21.52
207,165,3,61.3
207,175,1,59.13
208,107,1,85.66
208,108,3,26.68
208,125,5,40.95
208,126,4,52.44
208,158,4,77.68
209,51,1,40.39
209,84,1,52.48
209,106,3,91.54
209,147,3,52.87
209,198,4,72.15
210,3,3,22.43
210,21,5,78.04
210,66,5,55.35
210,207,5,48.74
210,229,5,80.3
211,24,2,5.61
211,74,4,80.11
211,76,4,32.89
211,95,5,39.23
211,124,5,68.29
212,34,1,43.29
212,73,1,23.47
212,121,1,44.3
212,142,2,37.66
212,211,2,31.42
213,29,4,89.59
213,45,2,72.93
213,163,5,29.33
213,181,1,46.17
213,201,3,9.98
214,36,1,76.63
214,37,5,68.69
214,55,1,92.48
214,124,3,48.52
214,157,4,92.04
215,52,5,31.61
215,54,2,64.04
215,72,2,22.85
215,78,3,60.63
215,118,1,22.09
216,23,2,43.46
216,55,2,32.98
216,101,5,34.22
216,133,4,44.23
216,191,1,58.98
217,38,4,58.22
217,96,4,71.01
217,125,3,68.28
217,201,5,66.32
217,214,3,45.45
218,63,3,64.4
218,104,4,90.21
218,105,2,89.16
218,155,2,32.09
218,172,4,9.01
219,42,2,41.62
219,92,2,96.87
219,123,5,31.08
219,137,2,55.46
219,210,1,72.97
220,32,1,27.64
220,35,1,62.51
220,120,1,29.94
220,137,1,39.09
220,185,2,88.4
221,1,2,74.62
221,6,4,39.68
221,78,1,67.76
221,126,4,90.55
221,152,5,92.99
222,17,4,50.08
222,43,2,61.59
222,45,4,20.91
222,49,2,5.98
222,56,5,24.64
223,48,3,49.46
223,113,4,31.6
223,117,3,72.3
223,194,2,65.53
223,198,2,88.84
224,94,1,24.87
224,119,5,46.89
224,146,3,88.24
224,210,5,47.96
224,233,3,80.96
225,9,1,65.24
225,36,3,94.26
225,44,4,47.05
225,82,4,74.44
225,132,5,25.18
226,13,4,80.74
226,61,5,29.3
226,131,3,36.69
226,146,1,56.69
226,229,3,82.02
227,16,4,48.47
227,21,3,77.01
227,60,3,24.05
227,103,3,68.15
227,161,5,62.65
228,30,1,85.6
228,97,3,26.69
228,132,4,18.08
228,178,2,21.61
228,194,4,53.7
229,104,5,69.61
229,134,1,97.0
229,154,2,94.46
229,176,3,5.66
229,211,2,19.29
230,179,3,36.26
230,203,5,50.59
230,232,3,33.67
230,234,4,79.56
230,235,5,97.21
231,72,5,99.57
231,102,5,20.12
231,111,4,37.49
231,209,2,31.99
231,227,1,54.7
232,37,4,91.06
232,87,4,90.44
232,97,5,57.62
232,98,4,46.92
232,165,2,93.35
233,33,4,48.55
233,38,3,53.71
233,92,2,95.46
233,98,5,81.75
233,113,5,46.17
234,28,4,57.45
234,65,4,12.74
234,98,1,10.27
234,113,5,64.95
234,167,3,21.73
235,70,1,42.7
235,93,2,41.43
235,124,2,71.88
235,131,1,32.32
235,188,1,90.35
236,5,4,69.6
236,76,1,68.05
236,93,2,28.32
236,149,4,88.56
236,160,1,35.46
237,110,1,55.09
237,187,2,65.85
237,191,2,73.04
237,233,1,14.92
237,235,2,56.8
238,22,3,81.1
238,35,2,69.44
238,48,5,39.26
238,61,5,18.43
238,182,1,53.23
239,65,4,77.89
239,87,2,24.08
239,107,3,79.52
239,186,3,59.53
239,201,1,33.21
240,1,3,22.48
240,9,5,91.14
240,26,1,25.3
240,29,4,33.82
240,212,4,68.07
241,2,2,72.06
241,41,5,13.35
241,97,2,76.28
241,116,4,37.8
241,235,4,31.52
242,43,5,26.85
242,102,3,65.91
242,110,5,99.29
242,194,3,72.05
242,230,4,27.41
243,13,1,23.71
243,29,1,54.35
243,47,4,44.64
243,128,3,73.92
243,147,4,60.83
244,6,1,43.06
244,14,5,52.8
244,76,4,32.35
244,206,3,50.55
244,231,3,97.56
245,20,4,8.7
245,93,4,86.93
245,131,3,95.69
245,192,1,26.41
245,223,4,70.01
246,44,4,6.59
246,132,2,99.07
246,155,3,86.58
246,181,4,58.75
246,228,2,28.17
247,117,5,12.72
247,132,5,21.05
247,157,1,56.16
247,175,5,38.21
247,211,2,21.51
248,23,4,7.78
248,39,5,13.01
248,114,2,72.97
248,148,1,58.48
248,170,4,41.48
249,18,5,61.57
249,139,2,37.51
249,161,2,20.67
249,196,5,28.58
249,233,5,36.04
250,13,3,68.6
250,27,4,90.38
250,76,4,91.32
250,157,2,91.82
250,181,4,27.14
251,8,1,20.64
251,14,3,18.9
251,40,1,57.11
251,190,1,56.84
251,230,1,47.24
252,78,3,51.25
252,82,4,43.82
252,86,1,31.29
252,120,4,98.37
252,205,3,80.62
253,15,2,8.54
253,48,2,42.16
253,82,1,70.01
253,125,3,12.54
253,160,5,74.46
254,24,2,43.55
254,63,3,48.0
254,89,4,44.86
254,166,4,12.85
254,232,4,10.73
255,43,1,40.33
255,147,5,33.54
255,195,5,45.37
255,202,4,17.32
255,222,2,44.6
256,147,2,15.99
256,160,2,73.59
256,174,1,98.36
256,195,2,69.32
256,208,4,13.43
257,11,1,8.26
257,60,2,76.64
257,133,3,17.41
257,142,3,85.43
257,169,4,36.69
258,129,3,60.79
258,190,3,86.24
258,199,2,72.43
258,212,4,80.54
258,234,2,38.49
259,28,1,84.68
259,43,1,97.75
259,137,3,14.54
259,171,5,90.21
259,230,2,28.68
260,21,2,35.29
260,69,4,77.89
260,88,5,58.88
260,98,2,9.89
260,197,3,63.33
261,48,4,96.74
261,107,4,75.13
261,122,2,11.66
261,150,1,8.04
261,184,4,95.51
262,22,4,10.43
262,48,5,92.65
262,64,5,81.95
262,192,1,89.91
262,230,4,63.06
263,70,4,49.92
263,118,4,11.28
263,163,5,33.63
263,172,1,94.55
263,219,2,27.69
264,33,3,96.24
264,37,5,47.78
264,171,2,72.85
264,226,5,41.95
264,227,3,51.61
265,25,4,27.8
265,125,5,89.92
265,128,3,30.69
265,177,2,15.2
265,207,2,38.33
266,24,4,77.84
266,27,2,79.14
266,65,3,72.81
266,107,4,63.59
266,185,5,60.69
267,150,2,20.92
267,180,4,75.92
267,182,2,22.53
267,187,5,77.83
267,235,2,66.0
268,17,3,44.2
268,31,4,94.16
268,47,3,91.39
268,125,3,87.03
268,142,5,45.96
269,3,3,21.54
269,31,1,77.49
269,51,3,75.15
269,53,2,70.77
269,98,1,29.24
270,66,2,30.46
270,85,4,36.77
270,93,2,56.13
270,164,1,99.08
270,186,1,88.46
271,49,4,34.2
271,85,1,48.69
271,86,1,12.27
271,204,3,36.28
271,235,1,40.91
272,102,5,49.65
272,115,4,19.72
272,125,5,32.71
272,174,4,51.7
272,184,4,36.86
273,78,1,51.54
273,93,4,57.39
273,110,2,59.25
273,156,2,51.9
273,228,2,50.33
274,41,1,59.89
274,82,3,69.15
274,118,3,72.35
274,162,5,70.64
274,174,2,74.68
275,31,4,5.1
275,114,4,66.62
275,129,5,60.59
275,140,3,48.27
275,182,3,27.35
276,11,3,26.9
276,19,3,79.52
276,26,4,76.01
276,34,5,22.04
276,62,5,51.63
277,47,2,99.79
277,112,4,87.44
277,130,4,58.91
277,143,3,95.11
277,182,5,65.59
278,53,4,14.93
278,83,2,85.35
278,117,2,11.22
278,157,4,8.59
278,169,3,57.41
279,5,2,12.71
279,13,5,14.45
279,147,3,17.29
279,187,4,20.03
279,196,3,53.54
280,66,4,15.67
280,91,1,66.33
280,169,1,18.25
280,188,5,26.04
280,193,2,14.72
281,109,1,65.54
281,126,1,42.26
281,160,5,63.13
281,215,1,52.99
281,217,1,99.69
282,3,4,8.25
282,43,1,5.21
282,65,3,83.68
282,187,1,86.77
282,191,4,53.13
283,33,1,90.78
283,56,2,97.59
283,80,4,68.06
283,123,5,88.87
283,163,3,56.55
284,49,1,52.62
284,56,5,48.28
284,74,3,27.43
284,189,1,97.65
284,209,2,65.1
285,27,1,62.57
285,36,1,13.08
285,97,3,70.58
285,103,3,45.69
285,223,3,35.9
286,1,4,31.71
286,185,5,64.56
286,191,2,65.56
286,205,5,93.6
286,223,3,21.92
287,45,5,58.19
287,70,2,23.41
287,121,3,57.75
287,151,3,36.23
287,214,1,33.3
288,150,5,85.09
288,169,2,91.78
288,173,3,54.9
288,224,3,92.92
288,232,1,36.58
289,57,5,47.47
289,81,5,37.86
289,156,4,33.56
289,199,1,27.76
289,223,1,74.79
290,40,2,41.19
290,108,4,15.09
290,113,5,50.47
290,149,5,92.3
290,161,3,29.73
291,5,5,81.06
291,124,2,87.59
291,145,1,34.92
291,154,3,25.29
291,159,4,34.81
292,40,5,29.32
292,63,2,38.96
292,70,1,35.64
292,175,5,40.55
292,178,2,36.72
293,9,4,33.72
293,32,3,94.2
293,45,1,40.22
293,46,5,26.38
293,109,4,35.82
294,32,2,91.96
294,103,5,96.51
294,123,5,49.9
294,188,5,85.64
294,208,2,72.95
295,15,2,39.37
295,23,5,77.41
295,31,1,45.7
295,34,3,79.72
295,95,4,57.27
296,1,2,6.95
296,2,4,70.02
296,6,1,16.78
296,46,3,83.94
296,189,3,34.56
297,9,1,39.88
297,21,5,19.7
297,35,4,74.15
297,123,5,77.12
297,170,4,63.78
298,70,1,10.99
298,92,2,18.65
298,148,2,5.99
298,166,1,98.6
298,175,3,51.39
299,37,1,24.96
299,65,5,79.12
299,102,1,38.86
299,116,3,34.17
299,211,1,35.3
300,39,3,52.83
300,47,5,41.98
300,94,1,12.18
300,124,5,27.99
300,144,5,97.07
301,20,4,35.73
301,75,2,41.73
301,83,5,94.99
301,111,5,28.08
301,135,1,24.14
302,88,5,38.98
302,97,4,77.48
302,99,1,44.7
302,134,4,85.26
302,225,5,15.72
303,9,2,67.94
303,27,4,23.15
303,147,2,8.42
303,180,1,20.79
303,228,2,41.4
304,85,5,70.53
304,139,4,76.74
304,140,5,40.53
304,204,5,48.93
304,228,4,47.11
305,62,5,98.27
305,69,3,17.92
305,74,3,16.66
305,162,2,42.96
305,202,2,24.02
306,2,1,38.61
306,3,2,22.68
306,113,4,52.53
306,188,1,52.35
306,216,5,62.52
307,33,3,97.91
307,55,1,89.65
307,76,3,48.8
307,92,1,86.22
307,138,4,89.38
308,12,3,50.46
308,18,4,35.28
308,40,5,64.07
308,164,4,36.42
308,184,2,56.0
309,61,2,96.05
309,66,3,56.48
309,98,3,38.43
309,125,3,81.49
309,213,5,99.2
310,24,2,97.43
310,92,3,10.3
310,122,3,86.48
310,156,4,60.83
310,190,2,81.74
311,12,2,74.47
311,24,1,68.96
311,39,1,60.19
311,108,5,9.5
311,221,2,42.58
312,110,2,38.41
312,137,5,13.89
312,151,1,28.26
312,167,2,18.99
312,229,5,20.67
313,29,1,25.99
313,121,4,21.59
313,129,4,25.98
313,150,4,32.79
313,173,3,50.69
314,81,3,41.88
314,132,1,56.58
314,135,2,33.65
314,144,4,91.88
314,183,5,47.3
315,21,3,55.65
315,33,1,97.44
315,52,2,37.36
315,177,3,51.65
315,224,2,21.92
316,81,1,50.11
316,111,3,57.95
316,120,2,96.23
316,135,1,27.68
316,142,3,50.22
317,75,4,61.84
317,84,4,60.59
317,90,2,82.33
317,117,4,91.1
317,167,1,5.38
318,91,5,19.01
318,112,3,64.76
318,138,4,85.52
318,206,5,71.2
318,212,4,6.09
319,86,2,54.5
319,90,3,30.6
319,98,5,22.25
319,106,4,36.77
319,179,5,51.35
320,99,2,32.0
320,139,3,99.17
320,205,2,28.84
320,206,5,65.48
320,233,2,13.61
321,43,4,73.4
321,95,3,40.96
321,136,4,33.71
321,204,3,36.11
321,223,1,67.99
322,63,3,47.22
322,86,4,9.33
322,157,3,83.93
322,183,5,34.85
322,214,3,88.36
323,20,1,56.64
323,39,4,12.02
323,49,4,39.59
323,107,5,53.67
323,115,2,60.55
324,57,1,72.83
324,92,4,80.65
324,154,3,37.79
324,214,5,98.29
324,228,2,52.34
325,57,2,90.07
325,65,5,67.95
325,72,4,93.49
325,123,5,96.88
325,234,3,5.11
326,26,3,53.15
326,49,4,54.29
326,54,2,41.17
326,68,4,11.53
326,80,3,84.28
327,71,1,27.09
327,104,1,38.64
327,200,5,84.2
327,203,5,73.43
327,223,3,50.26
328,3,3,7.29
328,33,3,53.58
328,49,5,90.89
328,148,2,51.89
328,209,5,71.81
329,8,1,22.4
329,61,2,85.52
329,71,4,56.88
329,84,1,44.63
329,159,2,73.68
330,28,3,56.31
330,48,4,32.04
330,106,1,85.49
330,132,3,5.1
330,206,3,66.35
331,41,2,99.93
331,44,2,23.94
331,124,5,94.68
331,142,3,55.19
331,164,2,95.77
332,54,4,33.08
332,57,1,61.99
332,70,4,78.11
332,131,1,29.12
332,149,3,65.78
333,59,2,9.63
333,69,4,43.0
333,80,4,78.54
333,150,1,50.49
333,204,2,38.29
334,4,3,57.76
334,99,5,7.86
334,177,1,34.15
334,222,3,57.85
334,226,3,30.59
335,26,2,66.35
335,69,1,56.74
335,118,2,80.08
335,174,4,96.1
335,225,3,40.69
336,136,5,56.6
336,177,3,8.92
336,181,1,39.57
336,191,5,38.72
336,211,3,7.01
337,15,5,32.79
337,42,5,72.81
337,91,2,37.65
337,179,2,25.07
337,226,2,21.37
338,73,1,44.69
338,82,5,67.54
338,100,5,33.33
338,141,3,99.02
338,145,3,98.57
339,89,5,50.08
339,181,2,85.35
339,193,1,58.99
339,211,2,23.49
339,230,4,93.54
340,11,1,87.58
340,25,2,60.96
340,93,2,62.6
340,156,5,79.35
340,232,5,99.43
341,103,1,76.44
341,119,2,34.81
341,168,1,16.97
341,208,3,75.66
341,215,1,87.44
342,27,2,93.96
342,51,2,91.34
342,137,1,74.71
342,198,1,17.4
342,208,1,74.06
343,11,3,10.02
343,16,5,33.15
343,102,5,5.51
343,115,1,26.41
343,146,3,50.36
344,2,4,40.19
344,10,2,35.75
344,92,2,77.65
344,104,5,15.5
344,112,2,29.89
345,78,4,14.19
345,90,4,84.56
345,134,2,36.2
345,186,3,41.88
345,220,1,76.64
346,69,4,78.11
346,95,4,63.28
346,137,4,16.72
346,143,1,20.98
346,216,5,13.91
347,7,1,29.13
347,125,5,69.48
347,141,3,25.91
347,194,4,93.84
347,224,3,63.33
348,16,4,45.27
348,47,5,6.27
348,138,1,56.55
348,202,3,29.23
348,217,4,77.84
349,19,2,5.44
349,32,4,25.67
349,36,1,82.01
349,56,3,63.48
349,212,4,57.19
350,14,3,24.21
350,82,2,38.36
350,129,4,14.84
350,144,2,87.59
350,159,2,35.08
351,72,5,15.42
351,106,3,13.05
351,108,3,70.58
351,168,4,28.57
351,176,1,84.25
352,36,5,25.7
352,53,2,66.83
352,105,2,79.07
352,207,1,28.08
352,216,3,28.39
353,78,1,55.65
353,84,2,6.01
353,172,5,74.05
353,199,1,11.57
353,216,2,54.75
354,2,4,91.84
354,51,1,9.06
354,55,4,83.62
354,138,4,12.0
354,164,5,42.08
355,21,1,20.83
355,34,1,91.27
355,39,3,45.42
355,107,2,47.82
355,160,4,58.1
356,35,4,10.03
356,52,4,37.82
356,66,5,60.21
356,89,4,91.24
356,117,4,24.27
357,53,1,25.48
357,67,5,59.71
357,80,3,61.42
357,109,4,58.16
357,144,4,86.55
358,46,5,82.42
358,117,3,37.4
358,124,4,34.58
358,154,2,72.74
358,209,4,65.1
359,15,1,84.8
359,52,4,44.88
359,92,5,5.71
359,224,1,75.29
359,233,3,51.6
360,141,2,64.39
360,143,2,10.27
360,167,3,45.92
360,190,5,48.05
360,200,5,24.45
361,62,2,74.13
361,138,2,97.97
361,144,1,34.68
361,172,5,75.53
361,205,3,53.26
362,58,5,76.93
362,138,3,39.49
362,196,2,29.56
362,217,2,15.98
362,227,3,99.77
363,129,5,21.05
363,189,2,46.98
363,208,3,94.57
363,216,5,81.92
363,217,1,12.55
364,125,3,86.49
364,134,4,85.87
364,194,2,31.18
364,219,2,11.3
364,224,5,76.15
365,69,5,49.3
365,88,1,23.83
365,124,3,16.59
365,216,2,81.29
365,219,3,5.85
366,38,3,41.2
366,42,3,29.47
366,98,3,58.85
366,170,2,25.16
366,186,4,34.85
367,4,5,72.91
367,57,2,54.25
367,152,3,25.51
367,215,1,38.36
367,216,2,95.3
368,5,2,34.5
368,112,1,11.2
368,134,5,75.94
368,181,5,64.99
368,229,3,39.47
369,149,1,91.08
369,159,2,33.47
369,175,3,55.29
369,197,3,18.06
369,205,1,77.45
370,33,4,86.71
370,51,1,74.53
370,95,3,51.35
370,174,2,97.73
370,195,2,63.72
371,71,3,79.77
371,160,4,72.09
371,165,4,91.53
371,200,1,49.32
371,222,1,21.4
372,97,2,77.52
372,195,3,31.86
372,209,2,90.57
372,210,2,13.81
372,214,1,53.24
373,35,2,63.3
373,88,3,65.76
373,135,1,42.44
373,149,3,96.26
373,185,3,93.0
374,61,3,51.21
374,130,1,59.23
374,141,1,98.57
374,145,5,93.31
374,152,5,64.97
375,62,1,52.04
375,177,1,67.57
375,182,1,88.33
375,207,2,76.41
375,222,5,78.73
376,34,1,89.34
376,72,1,21.1
376,75,1,56.88
376,132,4,74.6
376,200,2,97.83
377,8,5,79.23
377,33,1,40.75
377,75,3,25.7
377,134,1,33.12
377,141,2,97.94
378,11,4,29.97
378,17,4,31.48
378,93,5,20.36
378,95,4,17.73
378,170,1,55.23
379,89,1,5.81
379,99,2,68.95
379,149,3,35.09
379,185,1,48.9
379,198,4,96.09
380,23,4,10.16
380,44,3,47.36
380,57,4,34.95
380,64,3,41.12
380,215,1,55.19
381,12,2,73.47
381,62,1,46.95
381,80,5,72.05
381,136,1,92.37
381,170,3,60.3
382,16,1,82.71
382,92,2,14.81
382,142,3,24.58
382,146,4,9.2
382,216,5,66.02
383,7,1,56.12
383,130,2,75.03
383,149,1,79.22
383,154,1,6.08
383,199,4,58.4
384,1,3,70.4
384,27,3,68.79
384,149,2,56.09
384,159,3,48.55
384,207,5,8.55
385,32,5,78.53
385,78,5,37.57
385,99,5,30.77
385,102,4,90.69
385,216,2,95.61
386,15,5,59.16
386,65,1,23.86
386,126,2,18.4
386,130,2,37.18
386,202,1,30.08
387,37,3,72.51
387,123,2,30.09
387,136,4,72.49
387,160,2,19.35
387,185,1,45.04
388,1,4,74.78
388,60,3,27.82
388,63,5,43.59
388,88,3,43.57
388,136,4,40.44
389,36,1,36.64
389,49,2,30.14
389,85,5,41.72
389,154,4,13.39
389,198,4,51.11
390,7,3,83.17
390,28,5,42.84
390,78,4,74.64
390,132,1,71.02
390,223,3,75.16
391,2,3,82.31
391,25,2,66.98
391,172,5,22.4
391,178,2,74.99
391,232,1,56.08
392,13,3,21.85
392,23,1,47.09
392,126,3,74.14
392,131,2,19.69
392,139,1,86.16
393,31,3,67.09
393,59,3,15.11
393,171,2,85.81
393,194,1,17.58
393,229,4,29.22
394,49,4,62.71
394,70,2,69.46
394,88,2,46.88
394,140,3,76.96
394,184,3,36.81
395,2,5,25.7
395,18,5,81.52
395,19,4,47.49
395,28,3,87.67
395,42,3,12.18
396,22,4,73.85
396,109,5,74.33
396,140,3,88.16
396,161,4,36.63
396,191,3,38.45
397,1,1,77.74
397,25,1,54.0
397,42,2,13.37
397,58,5,73.97
397,208,1,16.28
398,29,1,98.59
398,74,2,56.41
398,81,5,89.61
398,98,3,90.07
398,135,4,96.86
399,69,4,48.98
399,100,1,66.45
399,127,2,89.52
399,143,2,95.22
399,200,4,76.85
400,11,2,49.21
400,122,1,16.77
400,152,5,40.01
400,226,3,96.86
400,230,3,29.47
401,6,2,15.47
401,18,5,88.67
401,59,3,69.04
401,140,2,88.19
401,156,5,34.29
402,47,4,16.21
402,199,5,27.11
402,212,1,14.3
402,228,3,15.29
402,233,1,7.65
403,7,5,43.43
403,34,3,16.18
403,71,1,8.41
403,89,2,22.82
403,169,5,94.48
404,25,3,38.02
404,62,3,17.45
404,132,4,59.97
404,181,1,34.15
404,191,3,9.51
405,61,1,38.34
405,68,3,63.82
405,147,3,68.34
405,166,2,50.3
405,170,5,98.51
406,17,4,22.77
406,88,2,83.56
406,95,3,35.75
406,119,2,54.0
406,188,3,12.07
407,12,2,66.79
407,38,3,24.62
407,66,3,23.98
407,177,4,88.24
407,187,1,19.65
408,25,2,59.93
408,26,4,91.26
408,73,1,57.54
408,102,4,68.8
408,175,5,35.51
409,1,4,13.0
409,55,4,9.86
409,60,3,56.15
409,112,2,23.15
409,189,5,72.45
410,35,5,22.01
410,93,5,84.14
410,133,4,32.23
410,141,3,27.33
410,159,4,41.49
411,34,4,6.52
411,63,5,7.95
411,100,1,71.95
411,219,2,84.28
411,229,3,47.58
412,34,3,64.43
412,140,3,76.47
412,141,2,85.09
412,175,2,20.4
412,222,1,80.22
413,31,1,55.8
413,75,2,77.73
413,214,2,55.14
413,217,5,27.06
413,228,2,43.17
414,22,1,63.25
414,114,5,81.24
414,133,2,82.83
414,152,1,46.75
414,202,5,11.92
415,5,4,38.95
415,141,5,26.41
415,177,5,47.98
415,208,3,27.97
415,225,1,29.77
416,4,5,83.26
416,33,4,73.26
416,56,1,20.69
416,87,3,19.65
416,88,2,74.16
417,31,1,23.8
417,36,3,22.14
417,38,4,25.74
417,217,3,20.83
417,219,5,45.1
418,40,2,51.67
418,106,2,42.7
418,155,2,39.37
418,166,1,42.33
418,168,3,6.2
419,107,5,84.38
419,132,2,9.14
419,134,1,62.48
419,138,1,85.76
419,216,5,14.06
420,70,5,63.93
420,103,2,59.74
420,129,1,10.7
420,146,1,52.6
420,217,3,10.95
421,112,1,47.68
421,186,2,71.85
421,188,2,29.59
421,227,3,14.37
421,228,3,15.86
422,103,1,16.45
422,143,2,16.35
422,151,2,53.96
422,156,2,93.97
422,230,2,50.66
423,17,4,81.5
423,54,2,81.37
423,71,2,9.68
423,208,5,27.62
423,217,1,81.72
424,84,4,61.47
424,85,5,43.05
424,128,1,43.72
424,182,2,87.69
424,227,2,80.67
425,86,5,92.1
425,143,2,94.21
425,161,1,18.63
425,173,1,11.26
425,225,1,42.14
426,58,2,75.11
426,92,4,94.37
426,133,2,47.53
426,205,5,73.62
426,225,1,40.35
427,16,5,19.24
427,57,4,94.83
427,158,2,8.54
427,175,2,45.1
427,233,1,63.15
428,28,3,22.0
428,174,2,63.85
428,186,5,27.55
428,206,1,42.32
428,215,3,77.55
429,6,2,93.87
429,45,2,39.5
429,95,1,43.01
429,149,3,73.34
429,169,4,49.03
430,12,4,73.39
430,73,5,89.68
430,176,3,96.1
430,210,5,35.19
430,230,2,66.57
431,67,5,87.06
431,70,3,69.89
431,119,2,53.86
431,126,5,40.13
431,212,1,15.48
432,22,4,30.81
432,105,4,76.96
432,144,2,14.4
432,199,5,46.61
432,204,1,34.47
433,1,5,45.35
433,15,5,70.55
433,19,2,40.04
433,41,1,49.48
433,61,4,24.82
434,22,2,85.09
434,54,5,23.37
434,141,2,55.35
434,184,3,52.13
434,226,1,56.25
435,11,4,88.67
435,56,3,26.78
435,99,4,75.99
435,174,5,60.25
435,234,2,79.58
436,33,2,47.47
436,90,3,49.74
436,94,5,11.25
436,101,4,19.01
436,124,4,68.0
437,14,4,75.01
437,55,2,99.62
437,58,5,25.27
437,110,4,42.05
437,161,5,67.16
438,16,1,33.51
438,127,2,13.26
438,141,1,70.63
438,160,2,99.36
438,175,1,78.23
439,38,5,58.35
439,123,4,72.73
439,153,4,21.09
439,189,4,90.03
439,205,5,97.16
440,18,4,95.44
440,51,3,65.98
440,131,2,79.61
440,160,3,31.44
440,232,5,82.91
441,74,1,9.76
441,115,2,66.69
441,127,3,42.88
441,141,3,21.7
441,192,2,70.2
442,53,4,8.44
442,73,3,73.8
442,143,5,91.73
442,200,4,7.55
442,208,2,79.94
443,70,2,66.64
443,128,3,29.1
443,148,4,36.12
443,202,5,70.22
443,219,4,13.39
444,65,4,33.87
444,93,4,34.98
444,132,4,15.48
444,133,5,55.59
444,138,4,36.56
445,27,4,46.46
445,56,5,87.43
445,102,1,50.71
445,181,4,24.33
445,192,4,21.8
446,2,2,91.1
446,7,2,71.3
446,107,3,59.34
446,163,3,39.53
446,209,4,62.89
447,6,1,53.25
447,66,1,37.5
447,133,2,91.08
447,163,5,75.76
447,204,4,59.38
448,3,1,93.45
448,15,5,60.43
448,77,3,14.61
448,171,3,16.76
448,218,4,48.53
449,19,1,90.62
449,66,4,73.03
449,97,4,23.89
449,116,5,33.26
449,156,3,23.5
450,65,4,71.36
450,66,2,90.48
450,122,3,49.64
450,129,3,15.4
450,173,5,76.21
451,54,5,93.78
451,141,5,83.21
451,146,1,81.64
451,173,3,55.19
451,225,1,48.27
452,60,4,93.06
452,68,3,53.92
452,89,1,86.85
452,135,1,94.33
452,165,5,98.84
453,75,5,77.88
453,78,4,57.01
453,119,5,84.47
453,184,5,50.13
453,195,1,64.78
454,9,3,51.56
454,118,5,77.7
454,160,3,42.79
454,183,5,76.21
454,209,2,43.32
455,154,1,92.66
455,164,4,78.57
455,181,3,32.92
455,202,5,72.05
455,230,5,46.34
456,5,5,84.83
456,101,4,92.17
456,107,1,65.9
456,165,1,82.62
456,169,3,49.02
457,11,1,88.14
457,183,3,45.5
457,185,5,95.74
457,201,4,59.6
457,233,4,35.34
458,45,4,55.07
458,78,1,59.03
458,92,4,34.86
458,179,3,92.75
458,235,5,53.7
459,17,3,82.01
459,139,4,31.33
459,143,2,44.08
459,157,2,55.15
459,200,3,39.16
460,2,2,62.03
460,72,1,67.46
460,90,4,53.33
460,198,4,68.79
460,218,3,27.76
461,15,2,54.92
461,63,3,33.76
461,72,2,67.74
461,93,3,18.58
461,181,4,60.4
462,75,5,40.19
462,114,3,73.06
462,150,1,58.82
462,157,3,44.94
462,232,4,39.76
463,1,3,28.11
463,122,5,17.57
463,154,5,54.14
463,179,1,44.36
463,181,2,41.72
464,41,2,90.35
464,115,1,21.11
464,143,1,9.97
464,165,4,28.17
464,204,5,9.9
465,2,3,83.81
465,45,1,56.78
465,47,5,38.36
465,76,5,26.93
465,190,1,23.35
466,2,4,97.82
466,6,1,12.06
466,71,3,36.48
466,107,2,75.16
466,108,5,39.77
467,53,3,37.82
467,117,2,28.31
467,125,5,77.52
467,210,5,6.94
467,211,5,60.79
468,101,5,37.92
468,111,5,45.46
468,123,5,41.95
468,177,5,58.21
468,212,5,59.37
469,23,4,40.33
469,91,4,89.69
469,133,3,77.46
469,187,5,33.0
469,232,4,75.68
470,4,3,96.12
470,31,1,18.28
470,108,2,27.33
470,175,4,31.46
470,225,1,13.69
471,16,4,53.58
471,35,5,35.21
471,89,5,64.17
471,119,3,66.36
471,226,4,82.88
472,9,4,6.17
472,32,1,49.0
472,142,4,22.15
472,178,5,12.49
472,210,3,39.68
473,37,1,93.28
473,138,4,15.86
473,153,3,20.79
473,215,2,92.52
473,231,3,87.62
474,26,1,71.41
474,69,4,75.89
474,82,2,29.28
474,175,3,83.33
474,234,1,90.67
475,14,1,99.56
475,16,2,84.03
475,96,4,20.77
475,147,2,55.93
475,211,2,94.45
476,18,2,42.45
476,29,3,12.21
476,52,2,87.09
476,99,4,9.27
476,167,3,40.89
477,160,2,83.75
477,170,1,64.91
477,197,5,6.0
477,202,2,86.67
477,218,5,41.9
478,35,2,92.03
478,62,5,64.43
478,90,3,17.42
478,190,3,68.78
478,203,3,97.43
479,52,4,81.96
479,119,2,68.49
479,159,3,84.59
479,170,1,67.52
479,216,4,78.7
480,55,5,32.74
480,99,4,38.41
480,103,1,7.06
480,189,1,43.3
480,214,1,57.06
481,32,1,86.96
481,88,1,62.06
481,103,3,72.01
481,135,5,72.31
481,220,1,42.39
482,86,1,86.31
482,189,3,11.35
482,213,2,60.3
482,214,1,78.72
482,215,2,93.79
483,50,5,85.6
483,58,3,52.66
483,93,2,19.75
483,111,3,77.35
483,235,4,71.24
484,98,5,13.85
484,101,3,7.88
484,107,5,60.42
484,223,4,38.1
484,224,1,77.83
485,2,2,69.23
485,41,4,13.99
485,57,5,88.83
485,104,3,95.27
485,186,3,60.95
486,51,2,56.78
486,74,1,87.14
486,127,3,26.55
486,132,2,67.15
486,140,2,54.93
487,14,5,44.27
487,23,5,77.45
487,96,2,33.72
487,199,1,6.69
487,215,5,12.7
488,68,4,83.61
488,129,3,21.37
488,170,4,44.01
488,187,4,88.5
488,233,2,49.4
489,51,2,19.73
489,98,5,53.01
489,137,1,32.83
489,172,4,13.22
489,224,3,6.74
490,57,1,19.06
490,106,4,85.46
490,120,1,98.21
490,180,5,94.17
490,185,4,76.63
491,29,2,86.73
491,40,2,15.76
491,48,5,97.35
491,76,4,23.5
491,99,4,55.48
492,16,3,29.76
492,76,1,37.67
492,89,3,60.28
492,151,2,11.41
492,230,1,43.42
493,15,4,6.59
493,47,5,44.78
493,63,1,86.45
493,65,2,7.31
493,230,5,42.02
494,52,3,50.3
494,97,3,93.32
494,182,4,6.54
494,187,3,31.9
494,217,5,83.77
495,35,4,42.64
495,60,4,81.97
495,103,5,71.58
495,137,2,27.18
495,190,4,18.0
496,69,3,61.77
496,75,1,48.06
496,189,2,21.55
496,230,4,29.23
496,233,1,79.71
497,35,3,56.64
497,87,5,17.13
497,164,3,95.58
497,172,1,6.9
497,187,2,36.75
498,56,4,73.25
498,80,1,28.55
498,92,2,92.56
498,101,4,7.33
498,123,3,44.49
499,23,1,97.84
499,85,3,5.16
499,107,5,30.27
499,162,4,91.98
499,224,3,15.1
500,45,3,44.47
500,88,3,63.46
500,156,3,18.51
500,162,2,88.35
500,163,3,94.71
501,5,3,25.62
501,17,4,32.68
501,25,2,8.51
501,82,5,11.49
501,167,3,92.88
502,60,4,31.65
502,92,1,57.04
502,104,4,46.54
502,136,1,42.58
502,196,1,64.85
503,30,5,52.65
503,68,2,33.77
503,108,4,62.8
503,117,4,50.36
503,155,2,32.63
504,14,2,19.91
504,30,5,66.79
504,59,1,8.74
504,171,3,62.76
504,192,3,14.72
505,17,3,42.02
505,136,5,52.85
505,196,3,49.26
505,202,2,33.61
505,218,2,16.78
506,31,3,48.45
506,67,5,78.46
506,94,1,89.64
506,114,2,49.27
506,128,2,77.19
507,94,4,12.17
507,157,2,18.68
507,190,4,54.82
507,203,3,84.43
507,219,3,9.39
508,18,4,92.53
508,28,2,16.8
508,124,2,56.54
508,132,3,97.38
508,184,5,59.46
509,48,3,24.07
509,51,5,80.65
509,53,3,42.61
509,85,5,8.47
509,90,5,28.92
510,42,5,69.42
510,54,2,71.31
510,104,5,7.79
510,175,1,51.43
510,182,1,92.55
511,15,3,91.17
511,19,4,82.06
511,88,3,58.67
511,129,5,19.23
511,140,4,77.0
512,16,5,89.59
512,78,5,84.11
512,82,3,47.25
512,114,3,72.98
512,150,3,39.54
513,17,3,13.39
513,142,1,97.0
513,154,2,25.98
513,165,2,58.84
513,204,5,79.52
