Order_ID,Customer_ID,Order_Date,Total_Amount,Status
1,1,2024-10-01,155.97,Completed
2,2,2024-10-05,299.99,Pending
3,3,2024-10-10,25.99,Completed
4,4,2024-10-20,29.99,Completed
5,5,2024-10-22,59.99,Pending
6,6,2024-10-24,24.99,Completed
7,7,2024-10-25,199.99,Pending
8,8,2024-10-26,79.99,Completed
9,1,2024-10-27,79.99,Completed
10,2,2024-10-28,39.99,Completed
11,3,2024-10-29,149.99,Pending
12,4,2024-10-30,25.99,Completed
13,5,2024-10-31,129.99,Completed
14,130,2024-02-29,105.42,Cancelled
15,58,2024-02-02,90.01,Pending
16,119,2024-05-11,25.53,Completed
17,140,2024-06-05,190.21,Completed
18,45,2024-03-12,155.63,Pending
19,78,2024-06-10,140.47,Completed
20,23,2024-03-16,69.1,Cancelled
21,5,2024-02-05,291.86,Completed
22,14,2024-02-03,174.16,Cancelled
23,43,2024-04-11,161.18,Cancelled
24,153,2024-02-02,168.65,Cancelled
25,148,2024-06-30,259.49,Completed
26,67,2024-04-17,290.72,Pending
27,76,2024-07-07,182.99,Cancelled
28,143,2024-04-28,237.29,Completed
29,123,2024-08-05,110.33,Cancelled
30,5,2024-07-12,226.04,Completed
31,97,2024-02-13,110.46,Pending
32,111,2024-04-28,27.41,Cancelled
33,124,2024-10-16,51.25,Pending
34,81,2024-01-27,96.83,Pending
35,79,2024-06-30,173.95,Completed
36,87,2024-01-06,206.09,Pending
37,42,2024-09-25,184.5,Cancelled
38,41,2024-10-05,63.68,Completed
39,70,2024-01-18,282.38,Cancelled
40,139,2024-06-29,101.2,Cancelled
41,148,2024-08-03,176.61,Completed
42,8,2024-04-09,252.13,Cancelled
43,55,2024-05-03,46.31,Cancelled
44,58,2024-03-24,29.02,Cancelled
45,129,2024-04-22,191.68,Completed
46,110,2024-04-29,95.41,Completed
47,145,2024-10-09,288.87,Completed
48,40,2024-04-02,59.42,Completed
49,98,2024-04-19,250.29,Pending
50,157,2024-01-30,296.55,Completed
51,63,2024-06-19,207.06,Cancelled
52,40,2024-06-16,48.39,Pending
53,36,2024-06-19,151.14,Pending
54,112,2024-08-23,281.21,Completed
55,45,2024-01-02,136.68,Cancelled
56,65,2024-02-26,249.47,Cancelled
57,34,2024-02-23,77.96,Pending
58,99,2024-09-11,165.26,Cancelled
59,132,2024-03-15,28.39,Pending
60,156,2024-01-29,113.9,Cancelled
61,3,2024-07-12,193.72,Cancelled
62,3,2024-05-17,233.62,Completed
63,21,2024-02-20,200.14,Completed
64,77,2024-04-03,99.0,Pending
65,105,2024-09-25,65.69,Completed
66,95,2024-04-15,201.43,Cancelled
67,6,2024-02-25,267.97,Cancelled
68,101,2024-07-22,151.14,Cancelled
69,138,2024-09-26,174.93,Cancelled
70,39,2024-02-09,136.41,Pending
71,9,2024-02-17,267.58,Pending
72,102,2024-06-02,163.11,Completed
73,17,2024-05-30,270.35,Completed
74,66,2024-02-03,200.2,Cancelled
75,102,2024-08-26,248.76,Completed
76,108,2024-03-23,142.97,Pending
77,104,2024-02-06,275.85,Pending
78,26,2024-02-11,42.11,Pending
79,148,2024-04-10,169.52,Pending
80,134,2024-02-13,150.55,Cancelled
81,154,2024-07-15,85.31,Completed
82,94,2024-02-13,292.5,Pending
83,69,2024-05-20,71.01,Pending
84,61,2024-09-22,206.57,Completed
85,10,2024-06-08,56.54,Completed
86,38,2024-10-22,274.54,Completed
87,67,2024-09-14,94.85,Cancelled
88,102,2024-07-02,143.5,Completed
89,130,2024-01-13,115.94,Cancelled
90,24,2024-05-02,164.86,Cancelled
91,11,2024-07-22,35.55,Pending
92,130,2024-10-17,154.2,Completed
93,140,2024-07-11,126.46,Cancelled
94,69,2024-02-10,171.8,Pending
95,28,2024-06-28,277.95,Completed
96,75,2024-09-17,88.32,Cancelled
97,118,2024-08-13,157.59,Cancelled
98,59,2024-09-12,241.67,Cancelled
99,28,2024-09-07,73.72,Pending
100,151,2024-01-20,168.24,Completed
101,58,2024-06-16,148.18,Cancelled
102,150,2024-05-17,243.74,Pending
103,124,2024-01-11,30.35,Pending
104,20,2024-07-05,146.66,Pending
105,84,2024-08-22,217.54,Cancelled
106,84,2024-08-21,47.41,Pending
107,27,2024-06-23,188.98,Cancelled
108,18,2024-09-01,217.71,Cancelled
109,19,2024-06-16,176.54,Completed
110,65,2024-08-29,156.43,Pending
111,43,2024-08-09,80.47,Completed
112,153,2024-09-19,272.81,Pending
113,76,2024-03-07,284.88,Pending
114,56,2024-03-27,68.58,Pending
115,56,2024-02-29,90.45,Cancelled
116,3,2024-10-13,84.45,Pending
117,20,2024-07-19,236.06,Completed
118,7,2024-09-11,179.34,Completed
119,47,2024-08-09,173.68,Cancelled
120,121,2024-03-20,155.54,Completed
121,126,2024-07-14,239.36,Pending
122,5,2024-07-16,119.94,Completed
123,37,2024-02-20,186.12,Cancelled
124,41,2024-06-04,101.96,Cancelled
125,6,2024-10-02,223.71,Pending
126,30,2024-04-16,164.8,Completed
127,62,2024-03-11,141.02,Cancelled
128,118,2024-02-08,45.44,Cancelled
129,94,2024-02-08,193.11,Cancelled
130,33,2024-01-09,127.57,Completed
131,104,2024-06-08,294.24,Pending
132,38,2024-05-21,191.99,Cancelled
133,151,2024-08-20,149.17,Completed
134,108,2024-08-20,130.71,Completed
135,62,2024-02-07,62.05,Completed
136,126,2024-01-18,114.82,Cancelled
137,142,2024-09-22,168.65,Completed
138,98,2024-09-24,271.29,Cancelled
139,142,2024-04-13,105.71,Completed
140,8,2024-02-07,33.04,Cancelled
141,21,2024-09-23,127.81,Completed
142,19,2024-03-27,125.45,Completed
143,138,2024-07-06,257.26,Pending
144,73,2024-04-02,265.38,Pending
145,139,2024-06-26,50.28,Completed
146,108,2024-01-27,26.24,Cancelled
147,151,2024-06-30,154.61,Completed
148,61,2024-09-12,212.18,Cancelled
149,157,2024-08-29,43.84,Cancelled
150,99,2024-06-22,192.09,Pending
151,132,2024-02-01,108.03,Cancelled
152,54,2024-10-05,105.97,Cancelled
153,30,2024-06-10,30.15,Pending
154,116,2024-04-24,165.77,Pending
155,108,2024-06-27,255.95,Completed
156,135,2024-04-01,51.36,Completed
157,41,2024-07-15,95.47,Pending
158,41,2024-08-22,27.05,Completed
159,70,2024-01-07,60.2,Completed
160,53,2024-07-03,142.51,Completed
161,123,2024-08-25,106.38,Cancelled
162,44,2024-09-22,170.45,Cancelled
163,95,2024-10-21,227.79,Pending
164,75,2024-06-11,238.64,Cancelled
165,11,2024-03-07,119.26,Cancelled
166,26,2024-04-12,289.05,Cancelled
167,123,2024-08-22,118.22,Cancelled
168,73,2024-08-29,81.54,Cancelled
169,72,2024-06-20,287.19,Pending
170,133,2024-07-07,219.85,Pending
171,35,2024-09-29,128.11,Pending
172,51,2024-03-10,206.57,Completed
173,67,2024-02-26,81.93,Completed
174,46,2024-07-04,36.28,Completed
175,3,2024-04-05,226.39,Pending
176,9,2024-08-18,110.8,Cancelled
177,66,2024-05-04,280.33,Completed
178,141,2024-05-22,77.13,Pending
179,31,2024-02-10,157.39,Cancelled
180,65,2024-08-22,155.26,Cancelled
181,140,2024-08-30,187.95,Cancelled
182,38,2024-09-03,208.96,Pending
183,5,2024-05-07,157.74,Pending
184,72,2024-10-07,174.57,Pending
185,63,2024-08-25,250.0,Completed
186,23,2024-09-13,264.03,Pending
187,140,2024-08-02,109.5,Pending
188,25,2024-03-23,215.18,Pending
189,135,2024-02-15,72.69,Completed
190,92,2024-06-05,150.59,Cancelled
191,33,2024-04-09,178.11,Completed
192,6,2024-03-25,33.88,Completed
193,59,2024-03-04,96.02,Completed
194,7,2024-04-07,218.71,Cancelled
195,129,2024-09-17,272.06,Cancelled
196,37,2024-08-04,267.14,Completed
197,101,2024-02-04,272.95,Cancelled
198,25,2024-01-09,109.03,Cancelled
199,110,2024-04-29,78.08,Cancelled
200,1,2024-09-06,94.86,Completed
201,45,2024-06-30,117.89,Cancelled
202,51,2024-04-16,287.36,Completed
203,76,2024-07-03,84.6,Completed
204,57,2024-01-18,20.75,Completed
205,12,2024-02-09,34.01,Cancelled
206,134,2024-01-11,209.65,Pending
207,45,2024-01-24,250.49,Cancelled
208,19,2024-07-25,248.01,Cancelled
209,8,2024-10-06,35.01,Cancelled
210,31,2024-07-08,92.52,Cancelled
211,117,2024-10-19,180.77,Completed
212,137,2024-03-26,252.48,Completed
213,24,2024-05-04,211.08,Completed
214,111,2024-09-02,245.42,Pending
215,64,2024-02-05,238.81,Cancelled
216,27,2024-05-31,223.07,Cancelled
217,40,2024-07-07,47.01,Cancelled
218,147,2024-10-18,229.15,Cancelled
219,149,2024-08-23,79.26,Completed
220,102,2024-04-09,116.09,Completed
221,28,2024-08-17,174.13,Pending
222,136,2024-06-01,29.11,Cancelled
223,120,2024-06-03,21.16,Pending
224,102,2024-05-02,97.06,Pending
225,4,2024-04-07,227.04,Pending
226,15,2024-03-07,267.1,Cancelled
227,109,2024-10-12,228.3,Completed
228,152,2024-03-19,158.37,Cancelled
229,75,2024-03-05,211.77,Cancelled
230,57,2024-09-20,118.36,Completed
231,1,2024-06-21,44.17,Completed
232,104,2024-09-12,249.22,Cancelled
233,16,2024-06-04,63.44,Cancelled
234,98,2024-03-13,123.91,Pending
235,65,2024-05-31,279.2,Completed
236,128,2024-08-28,289.03,Pending
237,22,2024-03-11,138.33,Completed
238,44,2024-05-13,206.05,Completed
239,120,2024-05-09,242.98,Cancelled
240,5,2024-06-28,253.64,Cancelled
241,2,2024-05-19,203.82,Pending
242,22,2024-07-04,188.38,Pending
243,150,2024-07-31,250.94,Pending
244,119,2024-06-26,296.65,Cancelled
245,59,2024-06-26,248.92,Cancelled
246,13,2024-01-26,225.61,Pending
247,73,2024-05-12,160.06,Cancelled
248,84,2024-05-31,168.14,Completed
249,4,2024-04-25,104.38,Pending
250,86,2024-02-28,79.85,Pending
251,136,2024-06-28,21.29,Completed
252,40,2024-03-05,107.99,Completed
253,129,2024-01-21,261.98,Cancelled
254,107,2024-06-21,198.78,Completed
255,102,2024-07-30,153.14,Completed
256,127,2024-09-09,23.14,Cancelled
257,25,2024-07-31,140.92,Completed
258,130,2024-01-05,72.68,Completed
259,157,2024-02-26,271.88,Cancelled
260,49,2024-01-29,117.73,Completed
261,121,2024-10-17,247.04,Cancelled
262,51,2024-03-16,44.45,Cancelled
263,82,2024-05-08,109.82,Cancelled
264,132,2024-09-17,176.88,Cancelled
265,101,2024-08-13,113.69,Completed
266,11,2024-05-30,88.12,Cancelled
267,23,2024-03-08,222.33,Pending
268,135,2024-10-08,58.55,Cancelled
269,106,2024-03-19,94.28,Pending
270,8,2024-02-05,125.93,Pending
271,99,2024-05-19,147.8,Pending
272,61,2024-03-21,77.5,Completed
273,40,2024-06-06,95.19,Cancelled
274,47,2024-02-22,237.77,Pending
275,26,2024-09-15,297.44,Cancelled
276,152,2024-05-15,254.22,Completed
277,25,2024-05-08,26.96,Completed
278,56,2024-01-01,117.19,Pending
279,116,2024-04-30,256.21,Cancelled
280,52,2024-02-22,258.17,Pending
281,109,2024-07-28,270.0,Cancelled
282,22,2024-07-09,36.33,Completed
283,2,2024-03-29,163.78,Completed
284,101,2024-06-17,265.59,Cancelled
285,2,2024-01-06,119.46,Completed
286,125,2024-07-25,188.69,Completed
287,89,2024-06-21,106.41,Pending
288,108,2024-07-16,187.6,Pending
289,117,2024-02-29,175.32,Completed
290,5,2024-04-16,140.9,Cancelled
291,2,2024-09-29,226.65,Pending
292,99,2024-09-01,245.73,Pending
293,133,2024-08-30,246.44,Cancelled
294,102,2024-07-13,60.04,Pending
295,132,2024-05-27,171.74,Completed
296,36,2024-02-29,282.36,Cancelled
297,80,2024-05-09,237.56,Completed
298,71,2024-07-24,91.77,Completed
299,125,2024-06-13,285.22,Cancelled
300,136,2024-04-09,202.9,Completed
301,150,2024-10-07,279.48,Cancelled
302,73,2024-04-20,146.83,Cancelled
303,21,2024-08-17,187.81,Completed
304,25,2024-02-09,187.77,Pending
305,75,2024-02-23,168.29,Completed
306,43,2024-06-30,289.0,Completed
307,136,2024-08-16,172.76,Pending
308,99,2024-02-08,174.54,Completed
309,69,2024-06-29,64.47,Completed
310,21,2024-06-15,70.5,Cancelled
311,93,2024-07-25,230.8,Pending
312,109,2024-08-02,230.02,Pending
313,48,2024-02-12,159.72,Completed
314,9,2024-06-28,146.71,Pending
315,151,2024-07-14,21.11,Cancelled
316,110,2024-05-10,233.75,Cancelled
317,38,2024-01-28,215.98,Cancelled
318,108,2024-04-20,55.87,Cancelled
319,41,2024-07-19,223.61,Cancelled
320,74,2024-07-31,250.22,Completed
321,154,2024-01-22,120.86,Pending
322,152,2024-06-19,213.86,Pending
323,107,2024-08-12,215.32,Cancelled
324,72,2024-08-23,58.38,Pending
325,126,2024-06-09,225.2,Pending
326,75,2024-07-08,176.0,Pending
327,132,2024-05-31,275.79,Cancelled
328,76,2024-05-11,99.24,Cancelled
329,144,2024-01-21,254.63,Cancelled
330,141,2024-07-16,29.5,Pending
331,118,2024-07-18,92.0,Cancelled
332,92,2024-07-24,170.14,Pending
333,71,2024-10-21,146.63,Pending
334,12,2024-01-13,74.96,Pending
335,80,2024-01-21,108.76,Cancelled
336,121,2024-09-08,124.26,Cancelled
337,81,2024-10-04,56.49,Pending
338,52,2024-05-23,121.5,Completed
339,48,2024-05-26,218.67,Cancelled
340,113,2024-09-09,122.94,Pending
341,106,2024-03-10,193.16,Cancelled
342,49,2024-08-24,120.03,Completed
343,98,2024-10-05,147.54,Completed
344,149,2024-04-28,196.27,Pending
345,31,2024-02-18,165.95,Completed
346,146,2024-06-27,195.03,Pending
347,59,2024-07-07,150.21,Cancelled
348,43,2024-05-15,266.21,Completed
349,33,2024-03-16,165.08,Completed
350,38,2024-09-29,262.44,Completed
351,10,2024-07-18,254.62,Completed
352,155,2024-07-06,176.57,Cancelled
353,3,2024-03-28,274.05,Pending
354,103,2024-01-13,69.43,Completed
355,29,2024-06-16,53.34,Cancelled
356,91,2024-06-29,261.66,Cancelled
357,23,2024-09-17,253.05,Cancelled
358,36,2024-07-19,48.43,Completed
359,40,2024-01-12,271.61,Pending
360,86,2024-05-14,164.87,Pending
361,29,2024-06-04,99.76,Cancelled
362,7,2024-06-22,214.7,Pending
363,113,2024-04-14,214.7,Cancelled
364,141,2024-04-30,281.08,Completed
365,10,2024-03-24,72.43,Cancelled
366,82,2024-01-28,132.58,Pending
367,122,2024-01-25,157.26,Completed
368,141,2024-03-02,134.37,Completed
369,142,2024-03-05,76.78,Completed
370,1,2024-01-05,44.28,Cancelled
371,10,2024-07-17,256.43,Completed
372,60,2024-06-05,175.19,Completed
373,38,2024-03-16,185.47,Pending
374,14,2024-01-30,139.24,Cancelled
375,52,2024-03-07,77.96,Pending
376,82,2024-02-10,190.99,Pending
377,140,2024-02-26,252.13,Cancelled
378,102,2024-10-04,237.35,Pending
379,59,2024-01-21,25.32,Pending
380,7,2024-05-08,108.67,Completed
381,26,2024-02-28,233.01,Pending
382,1,2024-08-27,138.75,Completed
383,100,2024-04-27,45.33,Pending
384,121,2024-06-25,35.4,Cancelled
385,104,2024-06-07,151.44,Completed
386,78,2024-04-10,74.03,Pending
387,45,2024-09-22,266.64,Cancelled
388,8,2024-02-10,152.13,Cancelled
389,29,2024-02-19,36.42,Cancelled
390,73,2024-04-24,147.45,Pending
391,71,2024-08-09,94.53,Completed
392,25,2024-03-06,236.91,Cancelled
393,88,2024-07-17,238.41,Pending
394,34,2024-06-25,70.4,Cancelled
395,30,2024-02-15,214.8,Pending
396,79,2024-10-18,260.58,Cancelled
397,98,2024-08-26,40.46,Completed
398,16,2024-09-09,240.31,Pending
399,153,2024-04-14,239.15,Completed
400,72,2024-08-13,283.42,Pending
401,110,2024-03-16,74.21,Pending
402,127,2024-06-09,199.37,Completed
403,120,2024-01-19,76.92,Pending
404,78,2024-09-05,182.36,Completed
405,65,2024-07-27,258.39,Pending
406,46,2024-03-24,111.49,Cancelled
407,46,2024-10-20,187.69,Completed
408,141,2024-06-14,180.26,Completed
409,11,2024-06-20,173.74,Completed
410,7,2024-10-15,136.44,Cancelled
411,126,2024-07-20,126.44,Pending
412,122,2024-05-19,231.4,Completed
413,86,2024-03-25,108.45,Pending
414,68,2024-01-26,162.11,Pending
415,123,2024-03-20,97.33,Completed
416,4,2024-02-12,183.32,Completed
417,125,2024-07-31,297.67,Cancelled
418,19,2024-05-05,168.46,Cancelled
419,32,2024-06-07,207.17,Cancelled
420,6,2024-02-02,167.41,Completed
421,84,2024-03-24,124.25,Cancelled
422,91,2024-06-03,107.72,Pending
423,63,2024-02-22,196.47,Completed
424,103,2024-07-30,237.33,Completed
425,47,2024-02-14,37.44,Pending
426,85,2024-03-04,46.41,Completed
427,8,2024-07-28,264.85,Cancelled
428,138,2024-03-29,209.77,Cancelled
429,133,2024-05-02,151.9,Cancelled
430,138,2024-05-04,55.94,Pending
431,4,2024-07-14,121.66,Pending
432,50,2024-01-10,155.91,Completed
433,18,2024-05-14,128.85,Pending
434,132,2024-03-31,115.59,Completed
435,42,2024-09-24,196.06,Completed
436,138,2024-05-26,297.16,Completed
437,45,2024-05-16,78.68,Cancelled
438,105,2024-07-22,46.87,Cancelled
439,27,2024-05-19,46.54,Cancelled
440,45,2024-03-14,188.84,Completed
441,48,2024-08-12,200.72,Cancelled
442,88,2024-05-28,96.17,Completed
443,156,2024-08-29,186.74,Cancelled
444,98,2024-02-20,96.34,Completed
445,62,2024-10-18,157.3,Cancelled
446,132,2024-04-11,45.8,Pending
447,91,2024-01-22,131.02,Pending
448,148,2024-01-27,214.79,Pending
449,147,2024-02-19,60.11,Pending
450,45,2024-05-02,274.3,Completed
451,146,2024-08-04,48.53,Pending
452,85,2024-04-28,149.16,Cancelled
453,4,2024-09-30,234.42,Pending
454,40,2024-01-09,57.52,Completed
455,66,2024-10-13,261.16,Cancelled
456,147,2024-09-30,189.84,Completed
457,126,2024-08-30,79.82,Pending
458,59,2024-08-28,133.84,Pending
459,145,2024-08-26,204.03,Cancelled
460,156,2024-02-11,279.13,Completed
461,111,2024-08-28,136.38,Completed
462,33,2024-03-01,21.05,Completed
463,62,2024-06-12,247.03,Pending
464,47,2024-07-10,64.92,Pending
465,126,2024-01-03,247.95,Completed
466,5,2024-07-28,276.59,Cancelled
467,2,2024-01-18,161.59,Cancelled
468,90,2024-01-08,257.37,Pending
469,122,2024-07-10,76.57,Completed
470,47,2024-09-01,144.04,Pending
471,150,2024-03-03,22.55,Cancelled
472,63,2024-09-19,266.74,Completed
473,148,2024-07-04,283.3,Completed
474,85,2024-10-03,32.33,Cancelled
475,154,2024-02-20,272.23,Completed
476,99,2024-07-24,278.59,Pending
477,56,2024-07-19,259.86,Pending
478,155,2024-05-08,82.85,Completed
479,17,2024-06-02,249.58,Cancelled
480,44,2024-03-14,190.36,Cancelled
481,37,2024-01-24,70.04,Cancelled
482,145,2024-07-23,273.07,Pending
483,99,2024-07-03,107.99,Pending
484,30,2024-04-25,136.78,Cancelled
485,23,2024-08-08,160.63,Pending
486,115,2024-08-28,81.52,Completed
487,141,2024-05-20,127.4,Cancelled
488,4,2024-04-13,187.76,Pending
489,4,2024-07-24,99.91,Pending
490,66,2024-08-11,122.31,Completed
491,95,2024-05-22,238.33,Cancelled
492,30,2024-04-03,198.57,Completed
493,131,2024-10-12,62.26,Cancelled
494,67,2024-07-20,280.1,Completed
495,97,2024-09-12,152.87,Completed
496,133,2024-02-10,190.08,Completed
497,158,2024-04-13,110.82,Pending
498,55,2024-04-18,247.24,Pending
499,104,2024-01-25,156.64,Completed
500,28,2024-01-21,272.27,Pending
501,92,2024-09-14,131.69,Cancelled
502,66,2024-05-30,86.62,Cancelled
503,83,2024-08-20,178.31,Pending
504,41,2024-09-05,129.79,Cancelled
505,141,2024-02-11,121.7,Pending
506,68,2024-07-18,95.27,Pending
507,150,2024-08-21,279.9,Completed
508,68,2024-02-25,203.36,Pending
509,14,2024-06-18,240.36,Pending
510,16,2024-05-25,240.13,Completed
511,57,2024-01-20,144.68,Completed
512,119,2024-05-16,239.85,Pending
513,4,2024-08-11,197.77,Cancelled
514,78,2024-08-24,95.49,Cancelled
515,180,2024-02-26,283.99,Pending
516,94,2024-08-28,57.03,Cancelled
517,280,2024-08-07,289.17,Cancelled
518,74,2024-03-25,290.29,Cancelled
519,3,2024-02-25,276.4,Cancelled
520,187,2024-06-02,211.26,Cancelled
521,171,2024-10-07,120.99,Completed
522,252,2024-08-28,167.28,Cancelled
523,211,2024-06-16,98.29,Pending
524,175,2024-07-26,294.51,Cancelled
525,44,2024-02-26,123.61,Completed
526,260,2024-08-15,114.28,Cancelled
527,157,2024-03-06,103.89,Cancelled
528,20,2024-02-14,149.18,Cancelled
529,175,2024-04-13,164.11,Pending
530,142,2024-02-20,294.48,Completed
531,301,2024-07-03,163.71,Completed
532,138,2024-08-26,268.18,Cancelled
533,249,2024-02-19,53.92,Cancelled
534,146,2024-05-10,260.51,Cancelled
535,195,2024-07-29,24.6,Pending
536,15,2024-02-14,101.29,Pending
537,231,2024-03-12,294.96,Cancelled
538,178,2024-06-01,170.89,Pending
539,97,2024-06-17,220.23,Cancelled
540,12,2024-06-01,89.95,Pending
541,18,2024-08-11,83.08,Pending
542,248,2024-08-16,24.69,Pending
543,20,2024-07-22,216.58,Completed
544,171,2024-08-23,107.24,Cancelled
545,140,2024-04-15,95.92,Pending
546,175,2024-03-12,116.76,Completed
547,77,2024-04-20,128.4,Completed
548,230,2024-03-12,270.0,Cancelled
549,27,2024-02-15,113.28,Cancelled
550,60,2024-08-14,284.1,Cancelled
551,201,2024-07-23,247.84,Pending
552,178,2024-08-12,245.42,Pending
553,200,2024-06-21,184.2,Completed
554,141,2024-07-04,148.7,Pending
555,275,2024-03-20,153.53,Cancelled
556,128,2024-06-08,136.97,Pending
557,99,2024-05-16,144.62,Cancelled
558,105,2024-02-09,272.07,Pending
559,119,2024-08-11,217.24,Completed
560,140,2024-06-14,105.53,Cancelled
561,119,2024-05-28,140.5,Pending
562,197,2024-01-18,291.17,Cancelled
563,177,2024-06-25,195.11,Pending
564,176,2024-05-30,34.56,Completed
565,116,2024-03-09,156.18,Completed
566,123,2024-08-31,91.48,Pending
567,220,2024-05-15,222.85,Pending
568,3,2024-01-18,94.67,Completed
569,95,2024-04-18,298.21,Completed
570,288,2024-04-08,62.28,Cancelled
571,93,2024-05-13,265.07,Cancelled
572,131,2024-02-27,200.13,Pending
573,302,2024-09-30,63.42,Cancelled
574,30,2024-02-03,88.83,Cancelled
575,131,2024-09-14,58.56,Cancelled
576,307,2024-02-28,246.19,Completed
577,280,2024-08-17,243.33,Pending
578,205,2024-10-05,93.86,Pending
579,185,2024-08-27,295.12,Pending
580,278,2024-07-12,137.16,Completed
581,98,2024-09-15,153.14,Cancelled
582,88,2024-10-18,295.12,Pending
583,76,2024-09-08,21.82,Completed
584,62,2024-03-26,244.71,Cancelled
585,7,2024-07-29,271.74,Cancelled
586,110,2024-07-26,215.97,Pending
587,160,2024-03-15,115.46,Completed
588,102,2024-01-19,268.06,Cancelled
589,280,2024-10-08,227.1,Cancelled
590,139,2024-08-31,35.24,Completed
591,268,2024-06-06,298.76,Completed
592,262,2024-01-12,54.05,Pending
593,300,2024-02-25,277.66,Completed
594,166,2024-01-01,238.75,Completed
595,198,2024-10-16,88.02,Pending
596,260,2024-04-12,184.2,Pending
597,229,2024-06-29,190.36,Cancelled
598,14,2024-05-02,265.38,Completed
599,232,2024-08-17,294.32,Completed
600,17,2024-08-26,232.58,Pending
601,286,2024-04-26,47.92,Completed
602,197,2024-06-29,116.4,Completed
603,57,2024-03-17,260.2,Pending
604,285,2024-06-27,147.4,Cancelled
605,57,2024-03-08,284.84,Cancelled
606,46,2024-09-08,157.95,Cancelled
607,69,2024-06-12,33.68,Cancelled
608,266,2024-03-21,236.36,Pending
609,215,2024-01-18,231.32,Completed
610,221,2024-03-13,195.99,Completed
611,88,2024-08-03,292.31,Completed
612,188,2024-03-21,118.59,Completed
613,231,2024-08-18,74.08,Cancelled
614,237,2024-07-19,125.79,Cancelled
615,29,2024-05-08,194.2,Cancelled
616,192,2024-01-28,62.96,Pending
617,42,2024-02-23,147.38,Pending
618,169,2024-05-22,214.61,Completed
619,34,2024-01-18,249.03,Completed
620,115,2024-10-14,29.91,Pending
621,231,2024-04-02,225.22,Pending
622,179,2024-04-30,267.68,Completed
623,50,2024-06-21,263.98,Completed
624,94,2024-05-19,192.95,Completed
625,4,2024-05-20,188.82,Cancelled
626,235,2024-02-03,186.43,Cancelled
627,158,2024-09-03,66.39,Cancelled
628,133,2024-02-01,143.02,Completed
629,264,2024-09-06,218.38,Cancelled
630,67,2024-05-29,117.56,Pending
631,100,2024-05-10,221.49,Cancelled
632,296,2024-02-27,157.88,Completed
633,195,2024-09-12,226.81,Pending
634,262,2024-01-15,139.87,Completed
635,292,2024-09-03,214.72,Cancelled
636,301,2024-04-06,79.73,Completed
637,59,2024-02-20,92.59,Pending
638,45,2024-02-06,162.06,Pending
639,75,2024-08-14,221.61,Pending
640,100,2024-08-14,190.68,Pending
641,38,2024-05-27,272.66,Cancelled
642,122,2024-06-20,133.92,Cancelled
643,249,2024-01-20,160.31,Completed
644,257,2024-05-13,98.5,Completed
645,281,2024-03-28,163.28,Cancelled
646,294,2024-08-31,296.69,Pending
647,7,2024-07-20,59.55,Pending
648,93,2024-03-26,294.66,Cancelled
649,266,2024-05-21,118.84,Pending
650,297,2024-04-28,294.84,Completed
651,9,2024-05-05,212.7,Cancelled
652,3,2024-01-26,233.58,Pending
653,79,2024-03-23,249.0,Completed
654,152,2024-10-08,149.94,Completed
655,6,2024-02-16,74.3,Cancelled
656,189,2024-01-09,56.08,Pending
657,215,2024-06-17,45.94,Pending
658,58,2024-01-08,204.8,Pending
659,98,2024-02-11,276.11,Pending
660,57,2024-01-25,40.21,Completed
661,244,2024-04-05,118.77,Completed
662,106,2024-06-20,163.56,Cancelled
663,123,2024-10-21,294.11,Cancelled
664,186,2024-10-17,263.28,Cancelled
665,273,2024-02-10,165.37,Cancelled
666,294,2024-06-26,122.42,Pending
667,147,2024-09-14,239.19,Completed
668,45,2024-05-02,73.31,Completed
669,232,2024-10-04,229.78,Pending
670,257,2024-04-22,196.65,Pending
671,175,2024-02-08,135.37,Cancelled
672,288,2024-06-07,103.04,Completed
673,268,2024-01-18,191.93,Pending
674,205,2024-02-16,138.09,Completed
675,142,2024-02-05,112.5,Cancelled
676,172,2024-01-20,236.04,Cancelled
677,106,2024-02-06,279.85,Pending
678,288,2024-03-08,127.21,Cancelled
679,8,2024-03-07,137.05,Completed
680,212,2024-02-29,198.6,Pending
681,161,2024-10-01,46.18,Pending
682,65,2024-05-12,281.71,Completed
683,211,2024-06-18,85.26,Pending
684,73,2024-08-30,76.05,Pending
685,221,2024-05-28,268.71,Cancelled
686,225,2024-07-26,149.53,Cancelled
687,138,2024-02-20,102.79,Pending
688,52,2024-06-02,196.31,Cancelled
689,212,2024-05-26,94.21,Completed
690,76,2024-04-05,148.55,Cancelled
691,4,2024-10-09,37.61,Cancelled
692,281,2024-04-25,278.27,Pending
693,291,2024-01-03,89.02,Pending
694,60,2024-01-14,45.34,Completed
695,53,2024-04-20,270.68,Pending
696,86,2024-05-08,84.24,Cancelled
697,225,2024-06-19,288.72,Completed
698,253,2024-08-15,167.09,Cancelled
699,222,2024-06-05,205.94,Cancelled
700,27,2024-07-27,284.11,Pending
701,133,2024-03-07,209.46,Completed
702,171,2024-06-01,100.05,Pending
703,87,2024-09-17,132.79,Completed
704,94,2024-07-10,57.53,Completed
705,35,2024-10-14,218.74,Completed
706,57,2024-02-17,263.14,Completed
707,142,2024-06-28,173.91,Completed
708,100,2024-07-24,104.48,Completed
709,53,2024-10-10,103.51,Cancelled
710,8,2024-07-24,45.96,Pending
711,56,2024-09-08,52.21,Pending
712,43,2024-09-22,248.3,Cancelled
713,41,2024-06-19,265.02,Cancelled
714,248,2024-04-03,279.56,Pending
715,9,2024-03-16,96.41,Completed
716,175,2024-01-18,281.99,Cancelled
717,183,2024-07-03,146.08,Pending
718,195,2024-08-11,95.01,Completed
719,68,2024-09-13,66.06,Cancelled
720,258,2024-02-14,275.82,Cancelled
721,58,2024-07-11,127.22,Completed
722,93,2024-02-16,262.49,Pending
723,190,2024-10-03,60.77,Cancelled
724,72,2024-01-01,222.81,Completed
725,276,2024-05-15,174.92,Cancelled
726,12,2024-09-02,113.94,Pending
727,28,2024-04-15,188.79,Completed
728,111,2024-05-14,148.32,Cancelled
729,24,2024-02-22,297.04,Completed
730,302,2024-04-22,214.29,Pending
731,270,2024-03-19,185.8,Pending
732,183,2024-05-05,83.54,Pending
733,286,2024-07-06,260.98,Pending
734,293,2024-05-16,264.04,Cancelled
735,7,2024-08-25,226.53,Cancelled
736,178,2024-03-06,258.37,Pending
737,182,2024-01-26,212.24,Cancelled
738,181,2024-05-31,21.71,Cancelled
739,50,2024-02-27,67.43,Cancelled
740,77,2024-08-12,253.34,Completed
741,120,2024-09-10,88.52,Completed
742,94,2024-06-16,278.97,Completed
743,82,2024-03-15,265.93,Completed
744,201,2024-05-20,299.0,Completed
745,305,2024-07-06,48.79,Cancelled
746,25,2024-06-19,92.97,Cancelled
747,27,2024-05-13,265.21,Completed
748,295,2024-10-17,171.9,Pending
749,254,2024-01-24,53.47,Completed
750,287,2024-03-23,27.65,Completed
751,244,2024-07-19,273.2,Cancelled
752,79,2024-06-13,277.56,Cancelled
753,224,2024-07-23,29.09,Completed
754,292,2024-04-24,87.53,Completed
755,125,2024-08-23,138.34,Completed
756,213,2024-04-12,29.72,Cancelled
757,131,2024-04-12,224.0,Completed
758,271,2024-05-25,95.8,Pending
759,105,2024-07-28,34.88,Pending
760,252,2024-07-11,131.52,Completed
761,298,2024-03-28,134.02,Completed
762,46,2024-01-28,202.16,Cancelled
763,99,2024-09-17,217.91,Pending
764,189,2024-10-18,199.69,Cancelled
765,270,2024-04-09,273.11,Completed
766,75,2024-03-13,207.61,Cancelled
767,115,2024-04-24,126.64,Completed
768,39,2024-08-14,79.45,Cancelled
769,41,2024-02-20,165.78,Cancelled
770,18,2024-07-31,110.99,Completed
771,107,2024-02-15,111.7,Completed
772,208,2024-01-17,154.64,Cancelled
773,244,2024-06-24,95.33,Completed
774,49,2024-08-06,22.5,Pending
775,246,2024-09-29,82.08,Cancelled
776,216,2024-03-15,97.82,Completed
777,195,2024-01-03,90.93,Cancelled
778,35,2024-04-26,158.26,Pending
779,285,2024-08-31,243.71,Completed
780,63,2024-08-11,237.3,Cancelled
781,195,2024-01-24,60.22,Pending
782,16,2024-06-15,29.19,Completed
783,194,2024-05-30,283.65,Completed
784,260,2024-03-03,281.26,Cancelled
785,132,2024-06-27,97.81,Completed
786,135,2024-09-15,281.09,Completed
787,6,2024-07-01,92.04,Pending
788,307,2024-03-24,298.7,Pending
789,181,2024-03-30,153.18,Pending
790,261,2024-01-16,254.55,Completed
791,20,2024-02-17,202.42,Pending
792,71,2024-09-04,298.68,Pending
793,3,2024-05-21,33.8,Cancelled
794,42,2024-05-18,104.19,Pending
795,22,2024-07-02,61.29,Completed
796,299,2024-08-01,21.29,Pending
797,204,2024-09-23,50.57,Pending
798,178,2024-07-29,196.3,Cancelled
799,193,2024-01-13,43.49,Completed
800,88,2024-02-24,121.82,Cancelled
801,159,2024-09-29,276.6,Pending
802,282,2024-04-21,291.95,Pending
803,74,2024-03-14,234.67,Pending
804,44,2024-01-30,128.03,Pending
805,123,2024-04-01,135.26,Completed
806,155,2024-04-25,117.61,Cancelled
807,265,2024-01-23,170.09,Pending
808,280,2024-02-19,159.11,Completed
809,44,2024-05-28,149.85,Pending
810,144,2024-05-23,156.78,Pending
811,147,2024-07-04,274.82,Completed
812,265,2024-05-18,141.62,Completed
813,46,2024-03-14,140.57,Pending
814,232,2024-08-30,63.07,Completed
815,142,2024-03-23,282.44,Completed
816,197,2024-01-19,288.63,Pending
817,243,2024-09-27,23.63,Cancelled
818,194,2024-03-23,41.76,Completed
819,29,2024-05-29,132.61,Cancelled
820,196,2024-07-28,154.19,Pending
821,147,2024-09-17,275.14,Completed
822,263,2024-07-03,134.94,Completed
823,168,2024-09-06,262.76,Cancelled
824,229,2024-09-02,120.19,Pending
825,90,2024-02-05,151.89,Pending
826,127,2024-10-21,130.67,Completed
827,102,2024-10-09,57.57,Cancelled
828,188,2024-08-04,219.0,Pending
829,127,2024-03-12,76.9,Pending
830,135,2024-09-27,293.18,Cancelled
831,236,2024-10-21,182.81,Completed
832,262,2024-07-19,144.09,Pending
833,248,2024-07-30,204.75,Cancelled
834,56,2024-05-08,142.25,Completed
835,188,2024-08-16,241.75,Pending
836,90,2024-06-27,249.48,Completed
837,107,2024-07-29,145.74,Completed
838,96,2024-07-14,56.37,Cancelled
839,165,2024-04-27,171.35,Completed
840,180,2024-04-10,299.1,Cancelled
841,201,2024-09-01,65.19,Completed
842,240,2024-03-27,180.02,Completed
843,145,2024-07-06,216.59,Cancelled
844,65,2024-10-02,77.2,Cancelled
845,265,2024-08-15,190.5,Completed
846,241,2024-03-13,137.06,Pending
847,3,2024-04-04,289.65,Cancelled
848,75,2024-02-28,252.51,Cancelled
849,98,2024-04-17,111.25,Cancelled
850,49,2024-02-04,286.07,Cancelled
851,141,2024-09-05,226.12,Cancelled
852,114,2024-07-23,108.07,Pending
853,258,2024-05-29,287.87,Pending
854,202,2024-06-10,103.91,Pending
855,13,2024-08-03,185.51,Cancelled
856,296,2024-06-17,35.56,Pending
857,224,2024-07-01,285.32,Completed
858,253,2024-02-25,288.88,Pending
859,180,2024-03-10,191.16,Completed
860,151,2024-09-22,34.96,Pending
861,290,2024-10-05,185.96,Completed
862,197,2024-05-29,154.03,Pending
863,248,2024-05-05,53.42,Cancelled
864,163,2024-04-21,177.27,Cancelled
865,65,2024-06-20,143.01,Pending
866,51,2024-02-03,253.05,Completed
867,201,2024-06-03,53.01,Cancelled
868,304,2024-06-01,80.66,Pending
869,17,2024-10-08,160.11,Pending
870,245,2024-10-13,248.73,Cancelled
871,262,2024-03-05,99.55,Pending
872,229,2024-04-15,163.16,Completed
873,255,2024-06-21,133.87,Completed
874,132,2024-09-25,70.34,Pending
875,19,2024-09-02,132.4,Pending
876,17,2024-08-24,65.65,Completed
877,163,2024-09-22,176.95,Completed
878,255,2024-03-29,73.73,Cancelled
879,8,2024-09-11,82.51,Cancelled
880,176,2024-04-08,197.15,Completed
881,200,2024-05-22,259.91,Completed
882,227,2024-03-22,150.38,Pending
883,200,2024-07-10,206.19,Cancelled
884,57,2024-03-26,103.94,Cancelled
885,81,2024-08-26,58.0,Cancelled
886,18,2024-02-19,260.34,Cancelled
887,32,2024-08-16,296.77,Completed
888,270,2024-04-07,71.25,Cancelled
889,136,2024-04-25,146.98,Completed
890,148,2024-10-22,244.78,Pending
891,46,2024-01-31,148.79,Completed
892,176,2024-04-25,193.22,Pending
893,202,2024-05-13,75.74,Pending
894,95,2024-05-10,124.68,Cancelled
895,118,2024-07-12,230.96,Cancelled
896,265,2024-05-03,295.14,Pending
897,92,2024-10-01,107.97,Cancelled
898,234,2024-10-09,230.29,Pending
899,238,2024-04-01,185.89,Pending
900,43,2024-02-08,262.51,Completed
901,190,2024-06-13,296.05,Cancelled
902,259,2024-02-08,57.19,Cancelled
903,120,2024-05-22,297.52,Completed
904,39,2024-03-24,168.61,Cancelled
905,36,2024-05-19,34.77,Completed
906,219,2024-04-02,245.91,Completed
907,26,2024-01-26,74.32,Completed
908,38,2024-01-10,175.8,Cancelled
909,188,2024-07-25,253.43,Completed
910,55,2024-06-05,118.32,Completed
911,205,2024-09-05,162.3,Cancelled
912,263,2024-05-21,230.59,Pending
913,77,2024-09-21,89.24,Cancelled
914,12,2024-09-09,92.78,Completed
915,126,2024-08-09,242.4,Cancelled
916,106,2024-08-15,204.54,Pending
917,38,2024-03-10,147.26,Completed
918,100,2024-03-23,282.0,Completed
919,15,2024-02-10,263.5,Cancelled
920,68,2024-06-17,39.75,Cancelled
921,204,2024-06-12,200.48,Cancelled
922,308,2024-01-31,142.15,Cancelled
923,233,2024-02-08,243.79,Pending
924,220,2024-10-01,165.66,Completed
925,221,2024-07-04,38.42,Completed
926,238,2024-07-10,250.22,Completed
927,269,2024-06-28,254.84,Pending
928,83,2024-03-26,142.66,Cancelled
929,151,2024-06-22,293.85,Cancelled
930,54,2024-06-25,165.2,Pending
931,63,2024-06-07,279.55,Completed
932,205,2024-02-28,117.34,Cancelled
933,161,2024-02-14,196.25,Pending
934,219,2024-02-09,129.42,Completed
935,16,2024-05-22,126.01,Completed
936,146,2024-07-06,266.04,Cancelled
937,82,2024-07-17,297.43,Pending
938,28,2024-01-03,76.91,Pending
939,289,2024-07-31,83.29,Completed
940,201,2024-05-02,85.93,Pending
941,43,2024-09-01,193.54,Completed
942,244,2024-03-31,61.49,Completed
943,153,2024-02-29,81.1,Completed
944,165,2024-06-27,241.31,Pending
945,230,2024-07-21,106.6,Completed
946,261,2024-01-23,245.18,Cancelled
947,100,2024-03-31,293.53,Pending
948,60,2024-01-17,46.86,Pending
949,97,2024-07-05,153.51,Pending
950,172,2024-01-15,76.4,Cancelled
951,289,2024-04-14,145.27,Completed
952,34,2024-05-17,153.14,Pending
953,287,2024-09-26,298.95,Pending
954,157,2024-08-17,104.28,Pending
955,305,2024-09-16,100.35,Cancelled
956,304,2024-02-23,245.69,Completed
957,6,2024-09-01,296.64,Cancelled
958,69,2024-05-26,100.3,Completed
959,187,2024-07-01,62.62,Completed
960,123,2024-07-24,109.43,Cancelled
961,205,2024-01-27,274.18,Completed
962,26,2024-04-08,278.29,Completed
963,222,2024-08-31,29.93,Cancelled
964,147,2024-06-29,188.83,Completed
965,258,2024-01-01,282.33,Pending
966,174,2024-08-16,47.15,Completed
967,218,2024-10-20,74.3,Cancelled
968,131,2024-01-18,177.98,Cancelled
969,274,2024-07-24,69.05,Pending
970,7,2024-10-04,86.12,Cancelled
971,179,2024-06-12,135.94,Completed
972,290,2024-02-26,212.75,Completed
973,218,2024-06-01,74.13,Cancelled
974,277,2024-02-17,234.37,Cancelled
975,45,2024-02-28,208.55,Pending
976,78,2024-03-10,178.0,Pending
977,69,2024-08-06,43.84,Pending
978,227,2024-04-18,255.47,Completed
979,238,2024-10-12,134.89,Completed
980,44,2024-06-17,96.8,Cancelled
981,136,2024-05-09,130.94,Pending
982,305,2024-05-27,261.75,Cancelled
983,256,2024-07-10,56.29,Pending
984,56,2024-05-23,106.25,Completed
985,51,2024-06-20,79.11,Completed
986,72,2024-02-05,224.31,Completed
987,248,2024-01-22,98.17,Pending
988,42,2024-08-23,286.19,Pending
989,20,2024-05-01,158.27,Completed
990,23,2024-02-09,186.5,Cancelled
991,305,2024-03-26,117.54,Pending
992,108,2024-10-22,86.53,Pending
993,66,2024-07-05,185.75,Completed
994,203,2024-02-28,44.06,Pending
995,301,2024-04-29,219.71,Completed
996,95,2024-02-22,177.8,Completed
997,195,2024-07-11,293.43,Pending
998,241,2024-05-04,81.35,Cancelled
999,167,2024-08-21,199.53,Completed
1000,102,2024-04-23,27.83,Cancelled
1001,301,2024-03-20,153.31,Pending
1002,267,2024-08-09,61.84,Cancelled
1003,185,2024-01-29,292.67,Cancelled
1004,49,2024-05-11,167.41,Pending
1005,92,2024-03-08,142.75,Pending
1006,44,2024-06-13,109.72,Pending
1007,181,2024-07-17,165.86,Completed
1008,260,2024-05-24,187.67,Cancelled
1009,285,2024-06-04,283.32,Cancelled
1010,219,2024-06-02,210.42,Cancelled
1011,92,2024-01-05,98.2,Completed
1012,228,2024-08-17,85.38,Cancelled
1013,82,2024-09-06,32.02,Pending
1014,323,2024-05-17,97.63,Completed
1015,784,2024-08-30,87.51,Cancelled
1016,286,2024-09-12,33.41,Pending
1017,509,2024-09-17,264.47,Pending
1018,625,2024-09-27,95.11,Completed
1019,694,2024-06-15,148.6,Cancelled
1020,206,2024-04-18,295.06,Cancelled
1021,212,2024-08-13,279.89,Completed
1022,641,2024-01-18,32.94,Completed
1023,728,2024-09-11,288.8,Pending
1024,676,2024-07-12,128.47,Cancelled
1025,277,2024-09-28,228.0,Pending
1026,66,2024-07-06,162.67,Pending
1027,748,2024-06-12,38.79,Cancelled
1028,747,2024-05-25,107.74,Pending
1029,526,2024-04-22,51.08,Pending
1030,662,2024-03-21,212.41,Cancelled
1031,546,2024-05-13,70.42,Cancelled
1032,24,2024-01-07,225.47,Pending
1033,166,2024-08-09,254.82,Cancelled
1034,652,2024-06-21,264.67,Cancelled
1035,737,2024-10-03,235.74,Pending
1036,359,2024-01-28,68.4,Pending
1037,278,2024-05-02,87.93,Cancelled
1038,295,2024-05-26,211.65,Completed
1039,550,2024-07-30,39.09,Completed
1040,552,2024-03-06,51.53,Pending
1041,391,2024-02-01,140.97,Cancelled
1042,711,2024-04-25,221.23,Cancelled
1043,156,2024-01-26,128.58,Pending
1044,473,2024-09-10,212.17,Pending
1045,537,2024-07-13,94.66,Cancelled
1046,456,2024-10-13,269.88,Cancelled
1047,117,2024-05-13,95.97,Cancelled
1048,207,2024-10-03,99.12,Cancelled
1049,680,2024-05-21,231.42,Pending
1050,74,2024-05-23,287.42,Completed
1051,506,2024-07-01,36.66,Completed
1052,249,2024-06-26,96.7,Completed
1053,233,2024-08-04,143.82,Completed
1054,681,2024-07-15,244.45,Cancelled
1055,310,2024-06-06,267.4,Completed
1056,545,2024-09-17,126.65,Cancelled
1057,283,2024-03-15,243.48,Cancelled
1058,19,2024-01-13,41.36,Completed
1059,436,2024-01-15,127.35,Completed
1060,373,2024-09-12,143.52,Completed
1061,381,2024-09-27,237.38,Cancelled
1062,441,2024-09-19,60.37,Pending
1063,612,2024-02-05,235.21,Pending
1064,215,2024-08-02,139.58,Pending
1065,655,2024-01-08,37.8,Completed
1066,566,2024-06-28,251.55,Pending
1067,585,2024-05-31,229.96,Cancelled
1068,733,2024-10-18,245.65,Completed
1069,795,2024-01-03,192.03,Cancelled
1070,406,2024-03-12,178.01,Completed
1071,556,2024-04-29,67.85,Completed
1072,487,2024-05-12,44.37,Cancelled
1073,24,2024-08-12,269.89,Pending
1074,696,2024-05-19,250.54,Pending
1075,66,2024-05-12,118.99,Cancelled
1076,741,2024-09-24,191.67,Pending
1077,154,2024-07-22,127.16,Pending
1078,161,2024-01-23,142.71,Completed
1079,526,2024-01-30,112.97,Cancelled
1080,327,2024-04-01,62.43,Cancelled
1081,551,2024-03-06,235.58,Pending
1082,345,2024-02-10,139.3,Cancelled
1083,523,2024-09-12,274.83,Cancelled
1084,8,2024-02-12,55.48,Cancelled
1085,253,2024-07-26,156.74,Pending
1086,413,2024-07-01,236.26,Completed
1087,85,2024-07-29,96.94,Cancelled
1088,728,2024-08-15,262.12,Completed
1089,506,2024-05-24,294.78,Pending
1090,606,2024-01-09,46.46,Cancelled
1091,104,2024-08-17,292.43,Completed
1092,354,2024-08-28,69.37,Pending
1093,646,2024-05-17,66.71,Completed
1094,759,2024-04-18,83.48,Pending
1095,549,2024-08-18,37.0,Completed
1096,703,2024-03-15,81.45,Cancelled
1097,215,2024-02-01,82.64,Completed
1098,418,2024-10-13,141.57,Pending
1099,742,2024-10-18,128.68,Completed
1100,13,2024-01-15,191.24,Pending
1101,531,2024-01-11,208.61,Completed
1102,419,2024-08-19,30.92,Cancelled
1103,470,2024-02-01,282.0,Cancelled
1104,90,2024-02-07,174.69,Cancelled
1105,51,2024-04-14,84.17,Completed
1106,638,2024-10-16,76.57,Completed
1107,116,2024-04-09,25.35,Completed
1108,648,2024-04-03,166.3,Pending
1109,556,2024-09-04,250.74,Pending
1110,268,2024-07-06,28.56,Cancelled
1111,32,2024-10-20,123.96,Cancelled
1112,671,2024-05-29,180.68,Pending
1113,143,2024-01-06,236.66,Cancelled
1114,201,2024-02-11,94.67,Cancelled
1115,32,2024-03-29,135.46,Pending
1116,320,2024-07-07,166.43,Pending
1117,109,2024-10-15,281.95,Cancelled
1118,312,2024-05-31,160.13,Completed
1119,487,2024-07-28,272.09,Cancelled
1120,367,2024-09-18,130.56,Cancelled
1121,798,2024-06-08,129.95,Pending
1122,585,2024-06-23,194.53,Completed
1123,237,2024-08-04,61.77,Pending
1124,594,2024-03-19,97.94,Cancelled
1125,46,2024-04-17,88.93,Completed
1126,386,2024-01-06,202.14,Cancelled
1127,18,2024-04-12,294.63,Cancelled
1128,302,2024-03-13,209.48,Cancelled
1129,419,2024-01-15,192.52,Completed
1130,323,2024-08-30,121.76,Completed
1131,296,2024-08-07,194.65,Completed
1132,569,2024-05-06,36.14,Cancelled
1133,296,2024-03-19,87.92,Completed
1134,138,2024-10-19,95.06,Pending
1135,328,2024-06-09,84.38,Pending
1136,731,2024-09-18,74.5,Completed
1137,189,2024-04-29,209.44,Pending
1138,255,2024-05-17,236.53,Completed
1139,29,2024-09-05,200.13,Completed
1140,805,2024-05-03,177.79,Cancelled
1141,793,2024-09-18,131.07,Cancelled
1142,593,2024-06-14,135.89,Completed
1143,235,2024-05-14,181.9,Pending
1144,668,2024-08-28,178.51,Completed
1145,284,2024-07-27,186.12,Completed
1146,21,2024-03-14,165.53,Pending
1147,302,2024-02-08,282.09,Completed
1148,314,2024-04-17,237.36,Completed
1149,419,2024-06-14,202.3,Pending
1150,634,2024-10-22,57.46,Completed
1151,28,2024-09-25,167.7,Completed
1152,171,2024-06-25,50.22,Completed
1153,313,2024-07-03,56.42,Completed
1154,82,2024-09-18,232.18,Pending
1155,728,2024-03-07,36.21,Pending
1156,44,2024-01-13,75.71,Completed
1157,235,2024-09-09,31.18,Cancelled
1158,728,2024-10-13,104.62,Pending
1159,762,2024-08-12,258.8,Completed
1160,16,2024-05-09,102.08,Cancelled
1161,450,2024-01-19,241.03,Completed
1162,401,2024-03-14,270.08,Pending
1163,96,2024-07-16,104.95,Cancelled
1164,253,2024-02-27,151.27,Completed
1165,282,2024-09-25,104.59,Cancelled
1166,427,2024-01-31,216.66,Pending
1167,355,2024-02-24,108.38,Cancelled
1168,55,2024-07-05,260.29,Completed
1169,166,2024-09-03,39.52,Cancelled
1170,285,2024-04-27,244.97,Completed
1171,689,2024-01-16,179.86,Cancelled
1172,131,2024-09-17,132.43,Cancelled
1173,525,2024-05-10,183.89,Completed
1174,708,2024-08-20,73.43,Cancelled
1175,315,2024-05-14,199.12,Pending
1176,509,2024-01-15,250.3,Cancelled
1177,253,2024-10-15,45.35,Pending
1178,556,2024-06-15,136.35,Cancelled
1179,793,2024-08-05,297.0,Pending
1180,694,2024-05-16,261.63,Completed
1181,604,2024-07-08,276.08,Pending
1182,479,2024-05-20,247.4,Pending
1183,565,2024-04-24,296.72,Completed
1184,639,2024-02-01,35.31,Completed
1185,339,2024-05-24,88.84,Completed
1186,239,2024-03-26,29.23,Completed
1187,400,2024-03-08,52.92,Completed
1188,68,2024-07-02,36.91,Completed
1189,576,2024-04-07,279.04,Pending
1190,411,2024-04-04,98.27,Pending
1191,86,2024-02-22,70.52,Completed
1192,235,2024-07-31,215.11,Completed
1193,64,2024-06-16,197.33,Cancelled
1194,237,2024-06-29,82.15,Cancelled
1195,301,2024-01-01,20.66,Completed
1196,721,2024-02-24,286.41,Cancelled
1197,454,2024-10-21,173.35,Cancelled
1198,315,2024-10-21,212.59,Pending
1199,19,2024-02-07,230.67,Pending
1200,155,2024-08-18,277.38,Pending
1201,256,2024-04-05,205.89,Completed
1202,467,2024-08-20,66.32,Cancelled
1203,26,2024-10-01,159.75,Pending
1204,441,2024-07-25,63.48,Cancelled
1205,771,2024-08-08,281.4,Completed
1206,14,2024-02-26,206.8,Completed
1207,467,2024-07-06,212.36,Pending
1208,401,2024-06-11,229.06,Pending
1209,643,2024-05-06,62.33,Pending
1210,793,2024-09-25,123.6,Cancelled
1211,368,2024-03-01,247.13,Pending
1212,22,2024-02-10,231.37,Completed
1213,139,2024-07-28,255.64,Completed
1214,393,2024-08-25,241.72,Cancelled
1215,422,2024-06-19,122.97,Cancelled
1216,9,2024-07-18,263.86,Pending
1217,345,2024-09-12,171.09,Cancelled
1218,245,2024-03-09,165.23,Completed
1219,161,2024-01-06,171.41,Completed
1220,521,2024-07-14,37.73,Completed
1221,39,2024-09-14,67.91,Pending
1222,634,2024-02-01,208.98,Cancelled
1223,721,2024-03-28,134.39,Cancelled
1224,797,2024-07-27,82.23,Pending
1225,84,2024-04-25,73.93,Completed
1226,293,2024-05-01,287.61,Cancelled
1227,51,2024-08-13,243.26,Pending
1228,24,2024-10-20,120.01,Completed
1229,807,2024-03-06,103.08,Cancelled
1230,509,2024-06-28,173.09,Cancelled
1231,338,2024-04-18,125.44,Completed
1232,134,2024-09-12,297.69,Pending
1233,649,2024-01-13,280.4,Pending
1234,212,2024-09-02,57.67,Cancelled
1235,31,2024-05-30,205.87,Cancelled
1236,455,2024-01-09,22.87,Pending
1237,766,2024-03-06,50.04,Completed
1238,312,2024-08-28,212.35,Pending
1239,644,2024-05-15,177.24,Pending
1240,421,2024-02-26,291.56,Cancelled
1241,577,2024-09-25,76.92,Cancelled
1242,319,2024-04-08,88.67,Pending
1243,486,2024-03-16,111.8,Pending
1244,502,2024-09-11,23.05,Cancelled
1245,130,2024-09-11,25.44,Completed
1246,84,2024-09-14,92.44,Completed
1247,452,2024-04-14,23.97,Cancelled
1248,190,2024-10-15,266.13,Completed
1249,147,2024-08-02,65.93,Pending
1250,302,2024-07-28,138.12,Cancelled
1251,228,2024-05-25,89.1,Cancelled
1252,725,2024-01-16,271.33,Cancelled
1253,187,2024-10-07,256.22,Cancelled
1254,792,2024-06-03,39.39,Completed
1255,396,2024-09-15,147.53,Pending
1256,6,2024-05-10,239.72,Pending
1257,737,2024-01-05,124.5,Cancelled
1258,562,2024-02-19,71.53,Cancelled
1259,323,2024-01-25,127.99,Pending
1260,516,2024-07-12,124.91,Cancelled
1261,672,2024-09-11,108.85,Pending
1262,85,2024-07-26,89.33,Completed
1263,680,2024-10-07,109.61,Pending
1264,457,2024-06-29,135.4,Completed
1265,633,2024-08-21,275.5,Completed
1266,29,2024-03-10,37.89,Cancelled
1267,317,2024-01-27,179.58,Pending
1268,226,2024-03-14,116.34,Cancelled
1269,65,2024-02-08,83.42,Completed
1270,287,2024-01-14,134.71,Pending
1271,793,2024-01-01,139.67,Pending
1272,632,2024-08-09,121.51,Pending
1273,117,2024-02-19,250.24,Pending
1274,123,2024-03-08,94.88,Cancelled
1275,10,2024-01-01,244.74,Cancelled
1276,776,2024-03-01,34.2,Completed
1277,361,2024-07-01,242.66,Cancelled
1278,272,2024-06-03,185.85,Completed
1279,503,2024-02-03,207.28,Completed
1280,290,2024-10-03,179.63,Pending
1281,692,2024-06-17,155.05,Cancelled
1282,395,2024-04-18,24.32,Pending
1283,791,2024-08-29,173.71,Completed
1284,282,2024-02-10,254.32,Completed
1285,328,2024-04-20,202.56,Completed
1286,708,2024-01-26,251.85,Cancelled
1287,698,2024-03-26,296.7,Cancelled
1288,4,2024-08-05,106.93,Pending
1289,589,2024-06-06,179.83,Cancelled
1290,761,2024-04-21,172.43,Completed
1291,133,2024-06-16,30.03,Completed
1292,71,2024-02-01,288.08,Pending
1293,761,2024-07-03,133.98,Cancelled
1294,634,2024-10-03,233.9,Completed
1295,232,2024-05-31,87.37,Cancelled
1296,450,2024-04-15,230.54,Cancelled
1297,417,2024-06-12,83.2,Completed
1298,310,2024-01-07,169.0,Cancelled
1299,520,2024-08-05,229.05,Pending
1300,460,2024-07-29,33.71,Completed
1301,129,2024-08-06,197.14,Pending
1302,517,2024-02-04,123.11,Pending
1303,624,2024-03-22,288.95,Pending
1304,686,2024-04-24,287.97,Completed
1305,258,2024-09-03,46.48,Completed
1306,655,2024-04-09,295.11,Completed
1307,578,2024-02-17,260.69,Cancelled
1308,798,2024-03-15,197.35,Cancelled
1309,268,2024-07-29,26.02,Pending
1310,226,2024-01-20,175.35,Completed
1311,282,2024-07-13,58.36,Cancelled
1312,803,2024-08-20,220.04,Pending
1313,238,2024-05-20,273.46,Completed
1314,338,2024-02-05,106.79,Pending
1315,39,2024-04-25,167.9,Pending
1316,654,2024-01-31,144.26,Pending
1317,410,2024-05-12,36.04,Cancelled
1318,246,2024-07-16,35.95,Cancelled
1319,656,2024-08-11,238.45,Completed
1320,651,2024-03-13,146.64,Pending
1321,249,2024-04-19,239.17,Completed
1322,446,2024-08-11,141.31,Cancelled
1323,745,2024-07-09,202.37,Pending
1324,207,2024-04-17,107.86,Completed
1325,778,2024-09-07,27.32,Cancelled
1326,612,2024-10-16,42.76,Pending
1327,392,2024-08-20,288.56,Cancelled
1328,195,2024-04-10,288.73,Pending
1329,150,2024-01-31,139.33,Pending
1330,204,2024-08-12,24.25,Cancelled
1331,541,2024-08-03,233.37,Cancelled
1332,634,2024-07-03,87.79,Pending
1333,353,2024-02-26,168.42,Completed
1334,305,2024-07-26,64.66,Cancelled
1335,144,2024-04-03,27.45,Completed
1336,468,2024-09-24,273.55,Cancelled
1337,280,2024-08-03,61.4,Pending
1338,450,2024-09-24,155.32,Cancelled
1339,595,2024-02-27,46.84,Cancelled
1340,491,2024-04-29,135.7,Completed
1341,672,2024-02-28,244.21,Pending
1342,186,2024-08-24,149.94,Cancelled
1343,403,2024-06-24,174.45,Completed
1344,138,2024-01-30,53.66,Cancelled
1345,181,2024-08-16,281.36,Cancelled
1346,701,2024-08-24,44.66,Completed
1347,303,2024-07-03,197.98,Cancelled
1348,288,2024-01-24,59.32,Pending
1349,224,2024-09-30,70.79,Completed
1350,625,2024-05-29,94.3,Completed
1351,424,2024-07-04,149.95,Pending
1352,543,2024-04-29,276.74,Pending
1353,257,2024-03-12,236.38,Completed
1354,43,2024-10-17,225.95,Completed
1355,292,2024-04-21,191.69,Pending
1356,440,2024-08-14,137.93,Pending
1357,425,2024-06-19,213.18,Completed
1358,386,2024-02-25,227.21,Cancelled
1359,186,2024-05-21,225.19,Pending
1360,297,2024-02-07,151.7,Completed
1361,5,2024-06-17,261.03,Completed
1362,199,2024-08-22,93.01,Cancelled
1363,147,2024-01-08,79.05,Pending
1364,112,2024-08-11,275.29,Pending
1365,238,2024-09-16,177.66,Pending
1366,699,2024-04-02,95.54,Cancelled
1367,216,2024-03-20,128.17,Cancelled
1368,112,2024-04-09,152.44,Pending
1369,219,2024-04-18,97.48,Cancelled
1370,243,2024-04-08,262.13,Cancelled
1371,15,2024-10-18,95.27,Pending
1372,340,2024-01-07,275.43,Cancelled
1373,698,2024-07-28,264.9,Completed
1374,531,2024-04-16,126.86,Completed
1375,185,2024-01-15,276.31,Completed
1376,202,2024-05-10,145.2,Completed
1377,687,2024-01-02,145.23,Pending
1378,134,2024-01-15,49.38,Pending
1379,633,2024-09-24,92.16,Pending
1380,186,2024-04-09,164.43,Completed
1381,485,2024-08-21,53.09,Cancelled
1382,364,2024-09-26,21.38,Pending
1383,566,2024-06-04,244.81,Completed
1384,45,2024-01-23,179.65,Cancelled
1385,440,2024-09-12,100.6,Pending
1386,399,2024-09-08,91.84,Cancelled
1387,397,2024-03-31,137.38,Completed
1388,521,2024-06-07,105.79,Pending
1389,643,2024-06-27,292.56,Cancelled
1390,648,2024-03-03,295.71,Pending
1391,52,2024-08-06,60.15,Cancelled
1392,729,2024-08-02,81.95,Completed
1393,706,2024-05-01,66.74,Completed
1394,689,2024-07-29,198.03,Cancelled
1395,58,2024-09-08,120.52,Cancelled
1396,594,2024-07-14,235.0,Cancelled
1397,10,2024-06-14,122.46,Pending
1398,424,2024-09-05,267.25,Pending
1399,115,2024-09-15,126.69,Pending
1400,415,2024-03-14,263.59,Cancelled
1401,21,2024-01-17,51.86,Pending
1402,54,2024-08-05,56.66,Cancelled
1403,120,2024-04-08,59.03,Pending
1404,504,2024-05-12,219.37,Pending
1405,247,2024-06-26,293.1,Cancelled
1406,605,2024-01-25,167.87,Completed
1407,719,2024-02-07,276.95,Pending
1408,644,2024-10-01,152.63,Pending
1409,19,2024-09-26,210.05,Completed
1410,428,2024-03-23,79.22,Pending
1411,308,2024-05-03,29.31,Pending
1412,750,2024-04-05,231.54,Completed
1413,9,2024-08-30,142.15,Completed
1414,701,2024-09-17,110.81,Completed
1415,16,2024-06-26,201.19,Cancelled
1416,161,2024-08-31,185.98,Cancelled
1417,563,2024-03-08,257.08,Cancelled
1418,347,2024-02-27,266.16,Completed
1419,27,2024-02-22,297.28,Completed
1420,697,2024-04-29,175.53,Pending
1421,402,2024-03-06,147.43,Pending
1422,44,2024-06-08,147.48,Cancelled
1423,274,2024-04-27,131.22,Completed
1424,400,2024-06-10,253.15,Pending
1425,445,2024-06-02,69.53,Completed
1426,569,2024-04-16,227.28,Completed
1427,259,2024-05-23,297.69,Pending
1428,442,2024-07-03,113.52,Pending
1429,537,2024-01-01,287.02,Completed
1430,157,2024-01-31,176.63,Pending
1431,489,2024-01-24,245.74,Pending
1432,786,2024-09-19,188.94,Cancelled
1433,742,2024-02-11,212.41,Completed
1434,170,2024-05-16,265.37,Completed
1435,609,2024-07-02,192.76,Cancelled
1436,584,2024-09-02,91.88,Completed
1437,745,2024-01-05,132.34,Cancelled
1438,119,2024-09-23,268.85,Cancelled
1439,462,2024-01-31,99.44,Pending
1440,444,2024-07-25,23.91,Pending
1441,657,2024-05-30,126.95,Cancelled
1442,549,2024-02-05,150.38,Cancelled
1443,615,2024-07-14,26.54,Cancelled
1444,201,2024-07-19,38.34,Completed
1445,722,2024-08-22,238.04,Cancelled
1446,379,2024-02-18,32.74,Completed
1447,77,2024-10-04,263.05,Cancelled
1448,783,2024-08-08,67.01,Completed
1449,150,2024-06-08,24.89,Cancelled
1450,44,2024-04-19,40.97,Cancelled
1451,615,2024-07-14,193.63,Cancelled
1452,785,2024-01-24,210.91,Completed
1453,787,2024-05-04,129.56,Cancelled
1454,776,2024-09-07,75.65,Pending
1455,532,2024-07-05,274.27,Completed
1456,600,2024-02-12,299.21,Completed
1457,343,2024-07-06,26.74,Completed
1458,654,2024-01-19,77.44,Completed
1459,662,2024-06-03,257.59,Completed
1460,703,2024-09-10,126.1,Pending
1461,260,2024-01-23,162.17,Cancelled
1462,705,2024-02-03,135.25,Pending
1463,524,2024-03-07,207.67,Pending
1464,604,2024-09-16,209.93,Pending
1465,40,2024-06-29,265.88,Cancelled
1466,465,2024-06-10,162.18,Pending
1467,9,2024-10-08,243.45,Cancelled
1468,295,2024-05-20,223.31,Cancelled
1469,22,2024-09-06,258.56,Completed
1470,696,2024-09-09,56.15,Pending
1471,517,2024-06-09,66.54,Cancelled
1472,782,2024-05-08,286.22,Cancelled
1473,519,2024-07-14,282.06,Pending
1474,716,2024-08-14,52.82,Cancelled
1475,781,2024-04-07,251.1,Pending
1476,776,2024-04-19,135.82,Cancelled
1477,23,2024-01-23,21.33,Cancelled
1478,374,2024-02-08,198.6,Pending
1479,477,2024-01-23,269.98,Cancelled
1480,494,2024-07-24,108.51,Completed
1481,416,2024-07-19,184.35,Pending
1482,39,2024-10-07,192.82,Cancelled
1483,331,2024-09-10,188.63,Completed
1484,515,2024-10-03,111.08,Pending
1485,159,2024-07-01,188.29,Pending
1486,738,2024-01-22,97.08,Completed
1487,637,2024-04-12,222.7,Cancelled
1488,549,2024-06-02,24.48,Cancelled
1489,485,2024-04-10,290.28,Cancelled
1490,62,2024-06-19,28.66,Cancelled
1491,763,2024-07-17,30.01,Cancelled
1492,59,2024-01-13,62.32,Completed
1493,69,2024-03-09,150.31,Pending
1494,712,2024-03-19,125.17,Pending
1495,800,2024-02-22,290.03,Cancelled
1496,192,2024-08-09,93.02,Completed
1497,443,2024-06-03,90.15,Completed
1498,31,2024-01-13,115.39,Completed
1499,284,2024-01-23,89.56,Pending
1500,698,2024-01-07,249.24,Completed
1501,22,2024-02-08,244.53,Completed
1502,200,2024-10-03,80.34,Completed
1503,772,2024-06-10,210.04,Cancelled
1504,213,2024-08-24,235.98,Pending
1505,603,2024-07-03,114.34,Pending
1506,412,2024-08-31,138.04,Cancelled
1507,698,2024-04-22,274.4,Cancelled
1508,3,2024-02-28,293.49,Completed
1509,401,2024-05-08,262.52,Cancelled
1510,655,2024-08-09,235.02,Cancelled
1511,168,2024-05-01,138.91,Completed
1512,565,2024-10-19,112.55,Completed
1513,441,2024-10-07,275.49,Pending
1514,664,2024-08-31,41.03,Pending
1515,331,2024-09-08,167.95,Pending
1516,315,2024-05-30,164.4,Pending
1517,273,2024-09-14,127.41,Pending
1518,424,2024-10-03,292.56,Cancelled
1519,391,2024-09-03,104.1,Completed
1520,674,2024-07-15,218.37,Cancelled
1521,166,2024-02-07,208.02,Pending
1522,213,2024-09-25,280.9,Pending
1523,231,2024-02-28,86.74,Completed
1524,334,2024-06-21,94.09,Pending
1525,530,2024-07-11,175.66,Completed
1526,516,2024-04-17,56.02,Pending
1527,521,2024-10-05,123.13,Cancelled
1528,26,2024-10-04,25.58,Pending
1529,113,2024-03-21,106.0,Pending
1530,759,2024-06-19,159.22,Completed
1531,445,2024-08-23,93.12,Pending
1532,796,2024-03-08,173.84,Cancelled
1533,273,2024-08-10,272.65,Pending
1534,417,2024-05-19,290.18,Pending
1535,803,2024-09-10,63.55,Pending
1536,50,2024-10-13,35.65,Cancelled
1537,790,2024-07-12,274.88,Pending
1538,463,2024-07-19,134.57,Cancelled
1539,252,2024-02-18,66.11,Pending
1540,620,2024-01-09,225.66,Pending
1541,765,2024-10-06,293.03,Pending
1542,79,2024-06-12,194.77,Pending
1543,130,2024-05-21,168.25,Pending
1544,29,2024-04-21,62.12,Pending
1545,71,2024-04-18,137.97,Completed
1546,264,2024-04-21,299.31,Pending
1547,32,2024-09-10,265.89,Cancelled
1548,464,2024-08-14,250.58,Completed
1549,422,2024-03-23,217.99,Pending
1550,570,2024-09-17,246.13,Cancelled
1551,754,2024-04-17,263.28,Pending
1552,63,2024-05-20,270.61,Completed
1553,701,2024-06-25,145.33,Pending
1554,753,2024-10-09,162.37,Completed
1555,781,2024-05-18,244.17,Cancelled
1556,531,2024-06-10,73.79,Cancelled
1557,755,2024-02-27,94.57,Completed
1558,117,2024-07-30,170.59,Pending
1559,297,2024-07-03,228.77,Pending
1560,662,2024-05-27,95.24,Completed
1561,723,2024-08-02,298.62,Completed
1562,730,2024-06-05,217.59,Cancelled
1563,488,2024-05-19,136.18,Completed
1564,668,2024-09-28,92.24,Pending
1565,518,2024-01-29,159.31,Pending
1566,421,2024-06-07,165.55,Cancelled
1567,481,2024-08-14,38.46,Completed
1568,429,2024-02-27,211.22,Completed
1569,405,2024-09-19,125.05,Completed
1570,499,2024-03-27,226.05,Pending
1571,781,2024-02-17,164.01,Pending
1572,447,2024-03-08,276.41,Completed
1573,648,2024-10-14,20.31,Pending
1574,763,2024-06-15,40.03,Pending
1575,156,2024-09-28,143.18,Cancelled
1576,600,2024-04-19,102.8,Completed
1577,296,2024-06-15,234.43,Completed
1578,515,2024-02-20,266.6,Completed
1579,215,2024-09-02,196.29,Cancelled
1580,155,2024-07-11,118.81,Cancelled
1581,546,2024-09-20,174.2,Cancelled
1582,222,2024-03-29,85.22,Pending
1583,145,2024-08-07,244.11,Completed
1584,618,2024-06-06,181.39,Pending
1585,271,2024-01-19,196.73,Pending
1586,333,2024-04-24,246.13,Pending
1587,258,2024-01-08,222.08,Cancelled
1588,210,2024-07-24,242.24,Completed
1589,435,2024-07-17,30.09,Completed
1590,553,2024-06-04,185.75,Pending
1591,288,2024-10-19,197.76,Pending
1592,244,2024-02-24,158.44,Pending
1593,663,2024-10-05,80.65,Pending
1594,596,2024-04-07,247.63,Completed
1595,583,2024-10-13,81.69,Completed
1596,418,2024-05-08,141.53,Completed
1597,404,2024-07-08,86.6,Cancelled
1598,240,2024-01-23,32.35,Pending
1599,620,2024-02-07,90.75,Pending
1600,105,2024-07-26,105.55,Cancelled
1601,592,2024-10-04,200.93,Completed
1602,168,2024-07-24,146.71,Cancelled
1603,596,2024-01-07,279.52,Completed
1604,309,2024-01-19,228.72,Cancelled
1605,320,2024-08-06,260.56,Cancelled
1606,328,2024-10-15,241.15,Completed
1607,275,2024-08-06,249.51,Pending
1608,773,2024-05-24,151.2,Pending
1609,238,2024-01-04,107.38,Completed
1610,411,2024-05-28,72.98,Completed
1611,217,2024-02-12,190.44,Completed
1612,223,2024-09-03,91.35,Completed
1613,520,2024-02-14,26.3,Cancelled
1614,795,2024-02-21,45.48,Completed
1615,63,2024-08-09,115.01,Pending
1616,257,2024-06-25,151.68,Pending
1617,358,2024-06-20,206.74,Cancelled
1618,279,2024-08-28,88.6,Pending
1619,287,2024-06-18,266.13,Cancelled
1620,315,2024-08-14,34.0,Cancelled
1621,270,2024-08-12,95.64,Completed
1622,8,2024-01-16,206.22,Cancelled
1623,134,2024-01-25,120.89,Completed
1624,203,2024-01-31,232.92,Pending
1625,131,2024-10-10,135.63,Cancelled
1626,776,2024-01-07,170.33,Completed
1627,68,2024-01-03,220.95,Pending
1628,211,2024-04-19,191.16,Pending
1629,466,2024-04-03,292.68,Cancelled
1630,401,2024-09-13,67.31,Completed
1631,47,2024-08-13,237.98,Pending
1632,63,2024-04-30,136.2,Cancelled
1633,226,2024-04-25,215.83,Completed
1634,533,2024-08-22,199.81,Cancelled
1635,476,2024-08-19,276.27,Cancelled
1636,369,2024-10-15,166.02,Cancelled
1637,214,2024-07-23,272.91,Completed
1638,447,2024-10-20,265.86,Pending
1639,604,2024-04-30,127.54,Cancelled
1640,303,2024-05-25,153.19,Pending
1641,122,2024-01-14,209.07,Pending
1642,448,2024-01-16,186.42,Cancelled
1643,736,2024-09-11,122.66,Completed
1644,293,2024-09-12,35.06,Pending
1645,727,2024-03-17,135.62,Completed
1646,654,2024-01-25,298.3,Pending
1647,164,2024-01-18,259.98,Completed
1648,275,2024-05-07,46.35,Pending
1649,422,2024-08-10,128.95,Completed
1650,397,2024-02-21,189.3,Completed
1651,628,2024-02-13,228.65,Pending
1652,214,2024-03-05,120.51,Cancelled
1653,509,2024-01-31,84.88,Cancelled
1654,536,2024-04-25,140.49,Completed
1655,618,2024-02-25,34.77,Completed
1656,631,2024-04-29,132.61,Cancelled
1657,523,2024-05-30,101.71,Pending
1658,98,2024-05-18,32.61,Pending
1659,458,2024-03-07,68.84,Cancelled
1660,358,2024-01-23,78.69,Pending
1661,87,2024-06-02,120.81,Pending
1662,201,2024-07-20,241.83,Cancelled
1663,562,2024-05-22,72.91,Cancelled
1664,593,2024-04-07,73.86,Completed
1665,129,2024-07-29,49.92,Cancelled
1666,428,2024-06-30,123.74,Cancelled
1667,511,2024-01-26,81.11,Cancelled
1668,725,2024-03-04,36.27,Completed
1669,421,2024-02-02,86.44,Pending
1670,730,2024-01-04,59.78,Completed
1671,703,2024-08-13,240.73,Completed
1672,336,2024-06-27,75.88,Pending
1673,473,2024-08-26,296.41,Completed
1674,80,2024-04-08,229.7,Pending
1675,338,2024-05-30,149.62,Cancelled
1676,540,2024-06-14,196.87,Cancelled
1677,280,2024-03-04,256.19,Pending
1678,109,2024-03-04,276.92,Cancelled
1679,740,2024-05-29,221.48,Cancelled
1680,632,2024-01-30,284.34,Cancelled
1681,462,2024-08-14,41.98,Completed
1682,227,2024-05-21,114.8,Pending
1683,87,2024-02-29,34.19,Pending
1684,576,2024-09-02,37.77,Pending
1685,32,2024-02-13,267.4,Completed
1686,152,2024-07-25,299.7,Pending
1687,229,2024-03-11,237.38,Pending
1688,179,2024-06-07,190.0,Cancelled
1689,239,2024-04-15,200.52,Pending
1690,168,2024-05-23,118.47,Cancelled
1691,63,2024-02-04,157.67,Completed
1692,477,2024-02-22,96.53,Pending
1693,615,2024-06-10,228.63,Completed
1694,792,2024-09-05,179.61,Pending
1695,325,2024-06-13,231.76,Cancelled
1696,406,2024-03-18,170.56,Completed
1697,753,2024-03-16,127.07,Completed
1698,338,2024-04-19,218.49,Completed
1699,51,2024-08-08,37.38,Completed
1700,104,2024-08-24,245.85,Cancelled
1701,514,2024-06-06,50.03,Completed
1702,180,2024-05-01,84.22,Completed
1703,584,2024-07-11,48.66,Pending
1704,457,2024-05-28,111.47,Pending
1705,593,2024-04-28,211.62,Pending
1706,615,2024-10-13,285.75,Pending
1707,696,2024-03-16,145.51,Completed
1708,631,2024-09-27,26.52,Completed
1709,531,2024-06-06,107.19,Pending
1710,391,2024-03-23,27.75,Cancelled
1711,270,2024-04-27,68.16,Pending
1712,531,2024-05-08,41.24,Completed
1713,24,2024-09-16,115.19,Completed
1714,628,2024-01-02,213.98,Completed
1715,291,2024-06-16,155.3,Cancelled
1716,513,2024-04-02,67.74,Pending
1717,131,2024-09-29,158.2,Completed
1718,439,2024-08-18,78.93,Cancelled
1719,184,2024-02-27,199.37,Completed
1720,683,2024-08-07,134.48,Completed
1721,329,2024-05-09,64.33,Cancelled
1722,15,2024-03-20,208.78,Cancelled
1723,372,2024-01-30,28.13,Pending
1724,259,2024-10-16,34.7,Pending
1725,699,2024-04-19,121.39,Cancelled
1726,631,2024-06-28,167.48,Pending
1727,149,2024-07-02,130.15,Completed
1728,289,2024-03-25,241.29,Pending
1729,740,2024-03-03,229.41,Completed
1730,122,2024-02-28,134.79,Completed
1731,752,2024-03-22,89.26,Completed
1732,699,2024-06-04,166.56,Pending
1733,88,2024-01-27,208.56,Cancelled
1734,575,2024-05-23,131.85,Cancelled
1735,440,2024-07-12,295.43,Completed
1736,339,2024-09-27,136.5,Completed
1737,387,2024-09-29,195.93,Pending
1738,702,2024-10-14,180.92,Cancelled
1739,781,2024-01-15,278.62,Cancelled
1740,369,2024-07-05,92.37,Pending
1741,448,2024-03-10,229.21,Cancelled
1742,578,2024-02-07,66.08,Completed
1743,435,2024-04-22,276.13,Pending
1744,605,2024-02-06,240.29,Pending
1745,568,2024-03-21,65.14,Pending
1746,690,2024-10-21,299.55,Pending
1747,100,2024-04-17,251.51,Pending
1748,526,2024-01-19,92.76,Pending
1749,329,2024-01-10,52.69,Pending
1750,759,2024-01-29,45.37,Completed
1751,306,2024-05-25,69.16,Pending
1752,767,2024-08-08,111.86,Completed
1753,435,2024-10-18,269.46,Pending
1754,310,2024-07-25,263.59,Completed
1755,702,2024-03-05,74.04,Pending
1756,384,2024-07-29,290.25,Completed
1757,510,2024-01-05,24.04,Pending
1758,736,2024-03-22,260.48,Cancelled
1759,506,2024-04-30,106.69,Pending
1760,765,2024-01-12,227.04,Pending
1761,94,2024-03-04,116.54,Pending
1762,672,2024-01-02,75.78,Completed
1763,576,2024-07-07,292.23,Completed
1764,804,2024-09-23,152.44,Cancelled
1765,160,2024-01-07,228.23,Completed
1766,239,2024-04-04,224.27,Completed
1767,701,2024-07-16,106.36,Cancelled
1768,41,2024-06-25,191.75,Cancelled
1769,331,2024-02-28,243.41,Completed
1770,121,2024-05-09,186.65,Cancelled
1771,675,2024-04-16,251.45,Pending
1772,48,2024-10-07,197.5,Cancelled
1773,156,2024-10-04,240.61,Pending
1774,440,2024-01-10,31.34,Pending
1775,664,2024-06-25,82.98,Completed
1776,612,2024-03-10,51.51,Pending
1777,129,2024-02-01,187.49,Cancelled
1778,430,2024-05-30,69.26,Cancelled
1779,793,2024-08-14,144.87,Pending
1780,341,2024-10-14,63.2,Cancelled
1781,269,2024-01-02,279.53,Cancelled
1782,43,2024-06-15,245.16,Cancelled
1783,266,2024-06-30,293.22,Pending
1784,209,2024-05-28,186.96,Completed
1785,585,2024-02-21,229.25,Completed
1786,315,2024-04-11,247.38,Cancelled
1787,162,2024-08-22,244.8,Cancelled
1788,626,2024-06-09,81.36,Pending
1789,631,2024-06-08,113.14,Completed
1790,353,2024-07-13,181.42,Completed
1791,248,2024-07-16,294.82,Cancelled
1792,627,2024-08-16,207.9,Completed
1793,94,2024-07-02,225.82,Pending
1794,89,2024-01-28,55.11,Cancelled
1795,395,2024-04-11,84.55,Cancelled
1796,304,2024-08-25,237.59,Cancelled
1797,628,2024-08-16,205.43,Pending
1798,735,2024-07-23,280.94,Pending
1799,509,2024-04-27,110.85,Completed
1800,300,2024-02-27,200.0,Pending
1801,761,2024-01-20,95.67,Cancelled
1802,569,2024-04-13,179.86,Completed
1803,445,2024-05-10,103.54,Pending
1804,293,2024-07-20,92.03,Pending
1805,766,2024-07-08,152.94,Cancelled
1806,568,2024-08-20,202.41,Pending
1807,711,2024-04-23,91.89,Pending
1808,40,2024-08-26,70.16,Pending
1809,80,2024-03-30,294.31,Completed
1810,36,2024-09-27,36.03,Completed
1811,133,2024-05-10,211.65,Completed
1812,233,2024-03-05,138.62,Pending
1813,754,2024-09-26,189.5,Cancelled
