Sale_ID,Customer_ID,Product_ID,Sale_Date,Quantity_Sold,Sale_Amount,Payment_Method
1,1,1,2024-10-01,2,50.0,Credit Card
2,2,3,2024-10-02,1,149.99,PayPal
3,3,5,2024-10-03,1,129.99,Cash
4,4,2,2024-10-04,3,240.0,Credit Card
5,5,4,2024-10-05,1,299.99,PayPal
6,6,1,2024-10-06,2,100.0,Cash
7,7,2,2024-10-07,1,79.99,Credit Card
8,8,3,2024-10-08,2,299.98,Credit Card
9,138,221,2024-08-08,1,31.78,PayPal
10,46,99,2024-02-10,2,27.87,Cash
11,156,132,2024-02-25,1,55.35,PayPal
12,16,1,2024-09-18,2,80.92,PayPal
13,60,51,2024-10-08,1,92.4,Credit Card
14,74,211,2024-04-03,2,54.3,PayPal
15,51,71,2024-06-09,3,94.31,Credit Card
16,13,42,2024-02-04,2,40.3,PayPal
17,88,61,2024-08-25,3,9.68,Credit Card
18,147,188,2024-07-17,3,15.22,PayPal
19,44,1,2024-03-20,3,36.89,Cash
20,61,141,2024-06-06,3,87.52,PayPal
21,12,224,2024-07-23,2,94.25,PayPal
22,35,189,2024-01-22,1,91.11,PayPal
23,143,215,2024-09-13,3,63.36,PayPal
24,7,140,2024-06-18,3,42.58,Credit Card
25,145,227,2024-10-12,1,15.04,PayPal
26,54,156,2024-02-05,1,49.16,Cash
27,6,15,2024-08-07,1,36.33,Credit Card
28,60,170,2024-02-27,3,8.11,Credit Card
29,69,141,2024-03-12,2,81.78,Cash
30,141,38,2024-08-12,1,76.21,Credit Card
31,103,218,2024-07-19,2,92.54,Cash
32,107,2,2024-05-10,3,97.32,Cash
33,154,76,2024-06-22,2,67.29,PayPal
34,17,211,2024-04-23,3,14.13,Credit Card
35,29,170,2024-07-27,3,73.8,Credit Card
36,120,100,2024-09-03,3,94.58,Cash
37,50,208,2024-01-19,2,95.19,Credit Card
38,10,62,2024-04-09,3,17.93,Credit Card
39,89,156,2024-09-29,2,55.04,Cash
40,7,33,2024-02-25,1,38.01,PayPal
41,126,20,2024-06-27,1,93.66,PayPal
42,157,65,2024-06-11,1,19.73,Credit Card
43,42,11,2024-04-14,2,42.73,Cash
44,86,63,2024-03-07,1,27.52,Credit Card
45,48,184,2024-07-31,2,65.1,PayPal
46,47,81,2024-04-23,1,7.63,Credit Card
47,13,221,2024-10-04,1,71.16,Cash
48,11,120,2024-03-27,2,5.41,PayPal
49,80,184,2024-04-17,1,94.79,PayPal
50,5,14,2024-04-23,1,57.67,Cash
51,40,22,2024-07-25,2,81.97,PayPal
52,91,182,2024-02-07,1,82.84,Credit Card
53,33,113,2024-01-16,1,55.6,Cash
54,123,208,2024-06-05,2,5.06,Cash
55,58,142,2024-06-23,2,7.14,Cash
56,11,129,2024-07-15,1,59.07,PayPal
57,28,163,2024-01-04,1,54.81,PayPal
58,2,194,2024-04-21,2,12.63,PayPal
59,103,24,2024-09-04,2,34.98,Credit Card
60,50,52,2024-06-30,3,11.64,Cash
61,156,27,2024-03-09,3,46.22,Credit Card
62,118,172,2024-01-24,2,26.78,Credit Card
63,74,172,2024-06-12,2,71.21,Cash
64,158,78,2024-07-11,3,33.5,PayPal
65,123,164,2024-04-24,3,57.15,Cash
66,8,37,2024-06-02,3,17.36,Cash
67,6,120,2024-01-21,2,20.48,PayPal
68,3,158,2024-04-01,3,7.22,PayPal
69,83,141,2024-09-16,3,26.01,Credit Card
70,123,113,2024-03-13,1,58.27,Credit Card
71,145,220,2024-06-09,3,48.97,PayPal
72,141,161,2024-06-12,1,67.12,Cash
73,88,41,2024-05-27,3,91.1,PayPal
74,107,215,2024-02-24,3,28.74,Credit Card
75,11,13,2024-04-02,1,13.01,Cash
76,14,8,2024-08-07,2,68.78,Cash
77,114,48,2024-10-08,1,42.43,Cash
78,34,212,2024-07-30,1,35.96,Credit Card
79,106,115,2024-06-20,2,40.98,Cash
80,58,136,2024-07-28,3,80.18,Credit Card
81,101,151,2024-01-24,2,40.55,PayPal
82,42,53,2024-01-22,3,27.64,PayPal
83,30,157,2024-06-27,3,46.87,Credit Card
84,133,182,2024-05-22,3,77.15,Cash
85,110,13,2024-10-12,3,90.93,PayPal
86,82,10,2024-02-06,1,15.84,Credit Card
87,1,200,2024-06-01,1,11.29,Cash
88,28,105,2024-08-09,3,47.35,Cash
89,52,74,2024-02-04,3,29.56,Cash
90,33,28,2024-05-14,1,55.64,Cash
91,121,33,2024-08-29,3,40.9,PayPal
92,18,234,2024-08-23,3,82.27,Cash
93,2,121,2024-07-31,3,75.51,Credit Card
94,8,31,2024-02-05,1,64.53,Cash
95,54,45,2024-02-27,3,6.65,PayPal
96,136,117,2024-08-22,1,9.58,Credit Card
97,116,108,2024-01-22,3,26.77,Cash
98,98,43,2024-01-06,3,62.95,PayPal
99,9,81,2024-10-15,1,39.07,PayPal
100,123,2,2024-01-31,3,17.59,Cash
101,152,110,2024-06-15,2,94.33,PayPal
102,48,110,2024-02-05,1,32.83,Credit Card
103,19,8,2024-09-21,3,66.29,Credit Card
104,113,67,2024-02-22,1,72.44,Credit Card
105,59,99,2024-07-15,2,51.72,Cash
106,157,181,2024-06-13,3,41.16,Credit Card
107,15,136,2024-03-14,1,83.16,PayPal
108,108,118,2024-01-28,3,33.03,PayPal
109,18,65,2024-09-15,2,59.7,PayPal
110,158,186,2024-08-13,3,66.02,Credit Card
111,132,52,2024-08-20,3,21.81,PayPal
112,85,84,2024-02-28,3,25.45,PayPal
113,134,160,2024-05-22,2,28.36,Cash
114,56,85,2024-06-09,3,12.3,Cash
115,120,133,2024-05-27,3,31.32,Cash
116,96,223,2024-04-06,3,72.1,Cash
117,99,24,2024-01-28,3,33.43,PayPal
118,122,68,2024-08-29,1,16.64,Credit Card
119,2,205,2024-10-07,2,18.45,Cash
120,142,87,2024-01-10,3,34.39,PayPal
121,129,161,2024-08-11,2,72.15,PayPal
122,113,122,2024-03-18,1,88.16,Cash
123,121,41,2024-04-20,2,92.22,PayPal
124,128,9,2024-05-20,3,27.03,PayPal
125,49,177,2024-08-23,3,37.39,Credit Card
126,84,94,2024-07-10,3,99.4,Credit Card
127,139,208,2024-07-20,1,69.87,PayPal
128,148,224,2024-05-28,1,5.5,Credit Card
129,149,194,2024-10-22,1,89.48,Cash
130,104,121,2024-08-03,2,85.53,Cash
131,108,175,2024-05-04,2,5.14,Credit Card
132,81,119,2024-02-19,3,90.07,Credit Card
133,126,127,2024-01-18,2,57.93,PayPal
134,10,60,2024-07-16,1,69.47,Credit Card
135,49,185,2024-05-01,1,87.45,PayPal
136,151,106,2024-01-24,3,93.61,Cash
137,55,126,2024-02-08,1,31.93,Credit Card
138,153,20,2024-07-28,1,27.04,Credit Card
139,31,11,2024-05-26,1,26.87,Cash
140,116,156,2024-06-17,1,55.12,Credit Card
141,137,78,2024-09-22,1,83.08,PayPal
142,58,186,2024-04-01,1,34.56,PayPal
143,146,58,2024-09-25,2,45.88,Credit Card
144,124,111,2024-03-02,3,78.31,Cash
145,47,86,2024-03-26,2,60.67,Cash
146,70,45,2024-10-17,3,86.89,Credit Card
147,109,182,2024-09-05,2,76.73,Cash
148,65,58,2024-02-28,2,14.37,Credit Card
149,8,223,2024-01-22,1,35.56,Credit Card
150,30,212,2024-02-02,2,94.38,PayPal
151,112,118,2024-05-11,3,24.71,Credit Card
152,96,98,2024-04-10,2,96.43,Credit Card
153,82,219,2024-04-24,3,90.55,PayPal
154,8,121,2024-04-14,3,18.76,Credit Card
155,46,128,2024-01-17,3,99.15,PayPal
156,19,232,2024-09-13,3,21.97,Credit Card
157,124,69,2024-03-24,1,42.17,Cash
158,90,155,2024-05-01,2,47.72,PayPal
159,48,141,2024-01-07,1,84.6,PayPal
160,58,147,2024-05-12,1,35.8,Credit Card
161,114,7,2024-02-25,2,39.12,Cash
162,140,134,2024-06-13,3,15.54,PayPal
163,38,94,2024-06-24,2,46.87,PayPal
164,106,77,2024-10-19,3,63.45,PayPal
165,136,30,2024-09-03,1,30.42,Credit Card
166,19,45,2024-09-05,1,69.34,Cash
167,99,221,2024-04-10,2,86.69,PayPal
168,108,203,2024-07-05,2,79.17,PayPal
169,12,69,2024-06-13,2,55.88,Credit Card
170,97,132,2024-07-03,2,36.41,Cash
171,50,26,2024-07-22,3,18.69,Credit Card
172,2,11,2024-07-26,1,64.36,PayPal
173,4,111,2024-01-05,3,48.74,Credit Card
174,31,230,2024-09-22,2,71.59,Cash
175,59,21,2024-10-18,1,68.19,PayPal
176,137,107,2024-04-08,2,94.55,Cash
177,90,215,2024-03-05,1,34.33,Credit Card
178,145,153,2024-03-08,1,58.33,Credit Card
179,107,126,2024-08-06,3,73.07,Credit Card
180,45,73,2024-06-07,1,88.81,Cash
181,76,143,2024-08-11,1,84.0,Credit Card
182,61,45,2024-04-18,1,86.75,PayPal
183,79,18,2024-10-01,1,32.31,Credit Card
184,30,188,2024-05-26,1,96.04,Credit Card
185,103,93,2024-04-26,2,76.16,Credit Card
186,136,209,2024-01-13,2,49.61,Cash
187,48,108,2024-10-17,1,72.15,Cash
188,41,149,2024-02-06,2,33.96,Credit Card
189,138,189,2024-09-06,3,35.06,Credit Card
190,45,158,2024-08-29,2,30.69,Cash
191,30,33,2024-01-19,1,63.4,PayPal
192,128,78,2024-10-14,2,29.77,Credit Card
193,32,115,2024-03-10,3,49.62,Credit Card
194,118,189,2024-10-17,2,40.41,Credit Card
195,74,90,2024-02-23,1,42.35,PayPal
196,82,159,2024-04-27,2,89.47,Credit Card
197,129,148,2024-02-14,2,30.44,Credit Card
198,29,57,2024-04-28,3,45.93,PayPal
199,128,230,2024-05-09,2,71.62,PayPal
200,45,174,2024-01-26,3,24.34,Cash
201,90,31,2024-07-14,1,33.82,Credit Card
202,27,187,2024-07-30,3,46.91,Cash
203,79,10,2024-09-08,2,18.83,PayPal
204,104,109,2024-01-10,2,78.58,PayPal
205,150,94,2024-04-05,2,85.79,PayPal
206,156,14,2024-05-24,2,51.74,Credit Card
207,86,109,2024-05-11,3,23.41,Credit Card
208,23,223,2024-09-23,2,14.45,Cash
209,40,233,2024-01-07,1,36.97,Cash
210,93,217,2024-09-27,3,19.75,PayPal
211,4,195,2024-04-26,3,76.19,Cash
212,104,65,2024-03-14,3,84.7,Cash
213,100,139,2024-08-03,3,99.06,Credit Card
214,95,54,2024-08-15,3,29.24,Cash
215,118,85,2024-09-28,2,82.08,PayPal
216,125,34,2024-01-30,3,16.42,PayPal
217,34,195,2024-10-14,1,42.88,Cash
218,32,145,2024-02-02,1,15.9,Cash
219,145,167,2024-07-02,3,74.26,PayPal
220,106,143,2024-07-16,1,18.66,PayPal
221,17,179,2024-09-11,2,97.96,Credit Card
222,57,32,2024-01-20,1,36.29,Credit Card
223,85,36,2024-07-07,3,53.22,Cash
224,118,179,2024-03-22,2,20.63,Credit Card
225,118,210,2024-10-12,2,46.29,PayPal
226,96,223,2024-06-07,1,37.75,Credit Card
227,139,95,2024-05-18,2,34.25,Cash
228,103,73,2024-07-08,3,94.85,Cash
229,33,114,2024-05-27,2,64.69,PayPal
230,140,203,2024-03-09,3,17.62,PayPal
231,155,230,2024-07-12,1,24.45,Cash
232,140,9,2024-06-23,1,41.19,Cash
233,75,46,2024-04-12,3,50.13,PayPal
234,63,179,2024-05-25,3,52.17,PayPal
235,150,30,2024-06-08,1,86.08,Cash
236,100,196,2024-03-10,3,74.7,PayPal
237,144,139,2024-08-15,1,81.66,Credit Card
238,87,156,2024-06-01,2,16.02,Credit Card
239,106,11,2024-08-05,2,43.24,Credit Card
240,105,89,2024-06-05,2,97.36,Credit Card
241,19,133,2024-08-23,3,27.01,Cash
242,145,105,2024-03-04,2,19.67,PayPal
243,45,145,2024-05-30,1,96.93,Credit Card
244,12,234,2024-02-06,2,93.36,PayPal
245,111,221,2024-03-08,2,23.08,Cash
246,85,31,2024-04-21,2,48.34,PayPal
247,51,163,2024-10-12,2,79.61,Credit Card
248,30,234,2024-03-04,2,31.97,Cash
249,42,216,2024-06-26,2,66.33,Cash
250,140,146,2024-06-11,1,28.7,Cash
251,101,14,2024-01-05,3,46.39,Cash
252,138,149,2024-04-07,1,96.0,Credit Card
253,49,181,2024-06-21,1,43.25,PayPal
254,86,53,2024-07-07,1,18.62,Credit Card
255,89,27,2024-10-08,3,90.13,Credit Card
256,122,173,2024-05-10,1,80.01,Cash
257,128,4,2024-03-03,1,69.06,PayPal
258,16,89,2024-07-27,3,52.33,Credit Card
259,21,76,2024-07-22,1,10.56,PayPal
260,38,20,2024-09-22,1,85.66,Credit Card
261,7,89,2024-08-13,1,96.19,Credit Card
262,68,185,2024-01-07,3,92.6,Cash
263,45,51,2024-05-07,2,58.98,Cash
264,147,96,2024-04-26,3,34.54,Cash
265,27,96,2024-09-26,2,83.66,Credit Card
266,143,186,2024-07-07,2,50.12,PayPal
267,143,129,2024-05-08,2,71.74,PayPal
268,62,149,2024-01-23,2,39.65,Credit Card
269,115,128,2024-05-15,2,56.32,PayPal
270,133,227,2024-09-15,3,89.3,PayPal
271,84,122,2024-08-04,2,24.23,Credit Card
272,8,158,2024-03-28,1,80.49,Cash
273,124,88,2024-01-21,2,73.51,Cash
274,113,206,2024-10-21,3,66.08,PayPal
275,147,89,2024-05-31,3,40.65,PayPal
276,135,122,2024-07-13,1,62.72,Cash
277,29,163,2024-06-28,3,77.59,PayPal
278,77,182,2024-08-19,3,53.64,PayPal
279,62,40,2024-01-01,3,79.49,Cash
280,144,231,2024-03-25,1,67.3,Cash
281,105,126,2024-06-07,1,35.79,Cash
282,3,155,2024-08-21,3,14.67,Cash
283,67,91,2024-05-18,3,90.47,Cash
284,19,136,2024-02-21,2,77.42,Cash
285,64,141,2024-08-23,2,70.3,Credit Card
286,101,71,2024-08-19,2,60.57,Cash
287,158,204,2024-05-11,2,54.66,Cash
288,36,7,2024-09-11,1,40.53,PayPal
289,31,10,2024-05-21,1,15.23,Cash
290,157,37,2024-05-25,2,17.31,Cash
291,143,165,2024-04-28,3,87.75,PayPal
292,39,203,2024-09-20,2,24.08,Cash
293,95,166,2024-08-08,1,96.74,PayPal
294,113,81,2024-01-11,2,99.76,Cash
295,110,41,2024-09-24,1,5.07,Credit Card
296,93,203,2024-08-17,1,56.79,Credit Card
297,16,146,2024-05-16,2,47.59,PayPal
298,120,3,2024-08-05,2,63.65,Credit Card
299,107,27,2024-04-06,3,10.81,Cash
300,142,184,2024-10-19,2,85.38,Cash
301,88,73,2024-07-03,3,91.42,Cash
302,13,99,2024-08-08,3,82.74,PayPal
303,6,128,2024-04-20,1,79.43,PayPal
304,11,99,2024-04-09,3,85.7,Cash
305,35,183,2024-03-16,3,24.08,Cash
306,13,35,2024-02-22,2,29.95,PayPal
307,48,120,2024-10-07,1,35.37,Cash
308,21,169,2024-05-06,3,32.61,PayPal
309,120,130,2024-10-16,3,81.19,PayPal
310,247,335,2024-07-19,2,38.0,PayPal
311,261,382,2024-05-08,1,25.98,PayPal
312,137,267,2024-01-26,2,9.76,PayPal
313,58,237,2024-03-22,3,8.05,Credit Card
314,35,144,2024-05-01,2,42.87,PayPal
315,153,187,2024-08-31,3,68.58,Credit Card
316,219,150,2024-02-14,3,50.23,Cash
317,291,123,2024-07-13,3,48.87,PayPal
318,20,327,2024-02-24,1,20.02,Cash
319,104,104,2024-03-16,2,49.65,Credit Card
320,124,71,2024-06-28,3,17.16,Cash
321,99,256,2024-06-08,3,94.62,PayPal
322,43,292,2024-01-07,1,12.61,Credit Card
323,135,205,2024-06-28,3,18.39,PayPal
324,14,129,2024-10-20,2,24.39,Cash
325,267,53,2024-09-04,2,63.09,Credit Card
326,111,381,2024-08-12,2,51.06,Cash
327,43,408,2024-04-18,1,89.51,Credit Card
328,63,13,2024-08-23,3,57.03,Cash
329,77,14,2024-05-05,3,7.79,Credit Card
330,127,417,2024-09-08,2,83.81,Credit Card
331,230,244,2024-08-10,1,32.62,Credit Card
332,40,127,2024-02-20,2,57.01,Credit Card
333,114,423,2024-02-21,1,54.69,Credit Card
334,36,98,2024-01-21,3,80.2,PayPal
335,64,453,2024-07-02,3,47.92,Credit Card
336,99,441,2024-07-19,1,34.62,Cash
337,246,455,2024-03-17,1,31.37,PayPal
338,86,283,2024-06-13,2,54.69,Credit Card
339,49,275,2024-10-03,3,86.89,Cash
340,111,392,2024-01-26,1,8.86,Credit Card
341,119,304,2024-06-19,2,73.81,PayPal
342,267,451,2024-03-31,3,25.5,PayPal
343,30,139,2024-03-07,3,50.07,Credit Card
344,277,239,2024-08-22,3,12.96,Cash
345,157,60,2024-02-05,3,88.89,Credit Card
346,77,35,2024-03-17,3,7.67,Cash
347,75,453,2024-03-19,1,95.57,Credit Card
348,45,97,2024-06-12,2,51.41,Cash
349,103,355,2024-08-25,1,45.29,Cash
350,179,101,2024-06-22,2,17.01,Credit Card
351,278,399,2024-01-03,2,39.54,Cash
352,94,261,2024-06-11,3,79.67,Cash
353,215,5,2024-03-12,1,39.91,PayPal
354,172,139,2024-04-24,2,78.17,Cash
355,238,423,2024-04-28,2,99.56,PayPal
356,86,267,2024-05-02,3,84.16,Cash
357,278,76,2024-08-23,3,76.56,Cash
358,120,70,2024-09-11,2,97.08,Credit Card
359,176,123,2024-02-22,2,79.28,Credit Card
360,238,281,2024-09-16,3,32.9,Credit Card
361,195,155,2024-03-12,1,35.7,Credit Card
362,234,343,2024-04-16,2,72.55,Cash
363,241,292,2024-08-28,1,15.03,Cash
364,72,345,2024-07-02,3,86.42,PayPal
365,99,74,2024-06-22,3,28.21,PayPal
366,72,85,2024-08-07,1,39.68,Cash
367,103,53,2024-06-03,3,70.48,PayPal
368,61,396,2024-08-21,3,63.58,Cash
369,6,343,2024-07-21,2,17.06,Cash
370,251,325,2024-07-29,3,67.44,Credit Card
371,152,349,2024-07-09,1,26.22,Cash
372,298,180,2024-06-27,3,18.89,Cash
373,291,448,2024-07-15,2,53.54,Cash
374,293,438,2024-09-26,3,55.06,PayPal
375,122,419,2024-02-23,1,65.86,Cash
376,15,88,2024-06-16,3,55.22,Cash
377,14,408,2024-10-03,2,6.95,Cash
378,28,430,2024-06-16,2,94.26,Cash
379,231,21,2024-09-17,2,68.05,Cash
380,255,211,2024-01-29,2,57.48,Cash
381,150,267,2024-08-10,2,46.58,PayPal
382,158,251,2024-02-14,1,90.45,Credit Card
383,254,142,2024-06-03,2,31.42,Credit Card
384,190,201,2024-03-10,1,7.93,Cash
385,298,326,2024-01-30,3,34.98,PayPal
386,90,109,2024-08-11,1,40.11,Credit Card
387,127,95,2024-04-21,2,95.37,Credit Card
388,192,383,2024-04-30,3,72.52,Credit Card
389,283,156,2024-06-16,1,9.07,Cash
390,4,365,2024-07-02,1,60.69,Cash
391,198,447,2024-08-15,3,90.79,Credit Card
392,287,284,2024-09-02,1,14.1,Cash
393,213,389,2024-03-06,1,62.19,Credit Card
394,271,346,2024-09-02,2,82.91,PayPal
395,181,327,2024-04-03,1,29.12,Credit Card
396,63,271,2024-08-25,1,87.72,Cash
397,11,132,2024-03-25,1,80.41,Credit Card
398,284,52,2024-10-14,3,6.58,Credit Card
399,273,78,2024-05-07,2,63.06,Credit Card
400,23,421,2024-10-09,3,35.12,Credit Card
401,184,199,2024-08-23,1,66.9,PayPal
402,164,230,2024-04-03,2,78.68,Cash
403,73,452,2024-02-23,1,88.46,Cash
404,262,237,2024-01-04,3,98.21,PayPal
405,182,267,2024-04-23,2,39.55,PayPal
406,109,242,2024-06-30,3,10.81,Cash
407,1,155,2024-01-12,2,85.87,Cash
408,78,241,2024-08-14,3,64.52,PayPal
409,275,290,2024-08-18,2,6.11,Cash
410,30,248,2024-10-18,1,44.69,PayPal
411,26,101,2024-09-11,2,27.88,Credit Card
412,71,293,2024-07-03,3,69.77,PayPal
413,88,193,2024-07-24,1,52.66,Cash
414,26,253,2024-02-10,3,22.81,Credit Card
415,116,92,2024-07-01,3,26.33,Cash
416,85,4,2024-01-28,3,51.43,Cash
417,193,366,2024-04-01,2,9.74,Credit Card
418,91,387,2024-05-05,1,92.83,Credit Card
419,185,233,2024-02-13,2,12.5,PayPal
420,292,328,2024-09-20,1,25.12,Cash
421,136,263,2024-03-17,3,18.31,Credit Card
422,155,399,2024-02-12,1,58.79,Credit Card
423,232,99,2024-04-03,1,64.63,PayPal
424,232,114,2024-01-27,1,52.17,Cash
425,214,391,2024-09-25,2,38.26,Credit Card
426,183,55,2024-02-23,2,69.76,Cash
427,88,218,2024-10-16,1,12.41,Cash
428,146,287,2024-06-14,2,5.87,PayPal
429,137,19,2024-05-06,3,42.84,PayPal
430,295,72,2024-09-06,3,85.43,PayPal
431,307,346,2024-01-30,2,51.72,Credit Card
432,280,39,2024-03-25,2,92.67,PayPal
433,141,125,2024-09-23,3,15.61,PayPal
434,66,378,2024-07-06,3,48.7,Credit Card
435,13,339,2024-09-05,2,21.17,PayPal
436,234,113,2024-06-08,2,75.88,Credit Card
437,180,103,2024-06-16,2,85.7,PayPal
438,226,68,2024-10-16,2,24.62,Cash
439,11,259,2024-09-06,2,94.78,PayPal
440,286,261,2024-05-24,3,18.17,Credit Card
441,282,146,2024-06-15,2,75.97,Cash
442,75,395,2024-05-04,1,59.87,Cash
443,36,293,2024-04-22,2,53.24,Cash
444,238,54,2024-07-12,2,57.31,Credit Card
445,300,288,2024-07-19,1,11.89,Cash
446,303,169,2024-02-23,2,90.49,Credit Card
447,149,453,2024-04-24,1,14.43,Credit Card
448,207,452,2024-06-07,3,76.28,PayPal
449,154,367,2024-04-05,1,65.16,PayPal
450,48,163,2024-04-06,1,28.96,PayPal
451,231,156,2024-05-23,1,61.49,PayPal
452,272,16,2024-01-07,3,22.07,PayPal
453,206,260,2024-09-17,2,63.83,Credit Card
454,223,228,2024-01-16,1,40.05,PayPal
455,213,311,2024-09-11,1,6.83,Cash
456,160,175,2024-08-24,1,45.73,Credit Card
457,11,440,2024-08-29,1,88.42,Cash
458,19,286,2024-10-22,2,14.0,PayPal
459,89,350,2024-09-22,2,12.67,Credit Card
460,16,399,2024-08-18,2,69.39,Credit Card
461,202,383,2024-06-27,1,37.62,PayPal
462,142,341,2024-01-13,3,70.24,PayPal
463,71,356,2024-03-29,2,17.52,Credit Card
464,46,404,2024-04-06,2,9.83,PayPal
465,175,397,2024-03-20,1,23.67,Credit Card
466,212,328,2024-01-17,1,86.36,Cash
467,71,411,2024-07-26,1,15.29,PayPal
468,179,364,2024-06-15,3,19.12,PayPal
469,210,174,2024-05-09,2,50.77,PayPal
470,54,191,2024-10-14,3,79.25,Credit Card
471,68,36,2024-06-08,2,81.77,PayPal
472,126,435,2024-02-16,3,23.11,PayPal
473,83,359,2024-01-11,3,96.0,PayPal
474,124,394,2024-02-29,1,10.51,PayPal
475,268,369,2024-03-24,2,29.26,Credit Card
476,54,297,2024-03-19,1,95.34,Cash
477,278,453,2024-09-08,2,48.36,PayPal
478,278,301,2024-08-09,1,73.8,PayPal
479,305,149,2024-03-17,1,41.36,Cash
480,85,354,2024-08-12,3,48.82,PayPal
481,254,23,2024-09-07,2,55.37,Cash
482,156,327,2024-09-02,3,9.87,Credit Card
483,163,443,2024-03-20,3,42.83,Credit Card
484,28,225,2024-09-10,2,8.18,Cash
485,218,383,2024-06-25,2,26.79,Credit Card
486,109,335,2024-02-25,1,24.69,Credit Card
487,55,39,2024-07-30,2,18.01,Cash
488,308,391,2024-02-23,1,20.06,Cash
489,47,414,2024-06-18,2,86.81,Credit Card
490,44,155,2024-08-30,1,51.14,Credit Card
491,279,82,2024-03-28,3,17.09,Credit Card
492,259,132,2024-07-05,3,92.2,PayPal
493,140,449,2024-03-14,1,41.43,PayPal
494,67,53,2024-02-21,1,79.84,Cash
495,225,344,2024-07-25,1,48.71,Cash
496,194,204,2024-05-23,2,25.04,Credit Card
497,243,66,2024-08-24,1,79.27,Credit Card
498,16,347,2024-05-05,2,70.45,Cash
499,129,146,2024-04-14,3,94.62,Cash
500,306,41,2024-04-12,3,64.13,Cash
501,215,97,2024-05-06,2,80.91,PayPal
502,100,347,2024-03-08,3,77.39,Credit Card
503,93,259,2024-05-25,1,20.97,Cash
504,115,22,2024-03-02,2,40.48,Credit Card
505,222,308,2024-06-24,3,97.44,Cash
506,234,285,2024-09-08,2,83.05,Cash
507,211,356,2024-05-31,3,21.57,PayPal
508,17,159,2024-06-10,2,45.68,PayPal
509,133,218,2024-09-24,2,5.53,Cash
510,131,256,2024-07-22,2,58.84,PayPal
511,207,319,2024-05-05,3,49.95,Cash
512,261,100,2024-09-26,1,38.1,Credit Card
513,127,32,2024-04-02,1,47.83,PayPal
514,217,32,2024-06-01,2,7.9,Credit Card
515,262,190,2024-09-10,1,71.53,PayPal
516,295,81,2024-09-06,3,35.86,Cash
517,69,190,2024-07-26,2,70.39,PayPal
518,59,405,2024-10-19,3,70.67,PayPal
519,116,186,2024-09-13,2,23.28,Credit Card
520,280,338,2024-06-27,2,45.61,PayPal
521,195,99,2024-09-28,1,60.58,PayPal
522,92,347,2024-05-01,2,70.59,Cash
523,276,215,2024-09-05,2,10.95,Cash
524,304,255,2024-04-02,3,19.99,Credit Card
525,128,385,2024-08-09,2,52.18,PayPal
526,257,284,2024-04-02,1,64.83,Credit Card
527,134,333,2024-05-03,2,42.91,Credit Card
528,302,192,2024-06-28,3,64.15,Credit Card
529,113,327,2024-08-16,2,59.44,Cash
530,273,299,2024-03-11,2,46.89,Cash
531,28,35,2024-04-29,2,98.28,Credit Card
532,185,166,2024-10-13,1,75.06,Credit Card
533,169,307,2024-03-16,3,19.76,Credit Card
534,209,28,2024-06-28,1,59.2,Credit Card
535,194,272,2024-08-06,2,91.52,Cash
536,120,83,2024-09-10,1,6.93,PayPal
537,103,286,2024-09-30,2,66.53,Cash
538,301,332,2024-03-16,3,77.3,PayPal
539,96,402,2024-02-03,3,18.99,PayPal
540,229,414,2024-09-27,2,73.18,Credit Card
541,34,335,2024-03-02,3,15.33,PayPal
542,194,263,2024-07-03,3,61.86,Credit Card
543,164,263,2024-07-25,1,93.8,Cash
544,70,252,2024-07-05,3,91.07,Credit Card
545,21,268,2024-07-11,3,77.97,Credit Card
546,2,397,2024-03-01,1,45.16,Credit Card
547,107,197,2024-07-28,2,74.53,Credit Card
548,62,1,2024-06-11,1,56.41,Credit Card
549,176,250,2024-07-18,1,14.55,Credit Card
550,256,7,2024-04-06,1,10.92,Credit Card
551,59,51,2024-03-16,1,80.02,Cash
552,202,403,2024-03-02,1,67.87,Credit Card
553,175,137,2024-05-24,1,84.67,PayPal
554,274,96,2024-05-06,2,67.92,PayPal
555,22,383,2024-07-23,1,71.68,PayPal
556,226,243,2024-02-22,1,56.44,Credit Card
557,165,26,2024-06-02,1,16.0,PayPal
558,82,408,2024-07-29,2,52.51,Cash
559,302,48,2024-05-06,2,98.83,PayPal
560,267,52,2024-09-04,2,35.46,Cash
561,153,418,2024-04-28,1,98.91,PayPal
562,182,149,2024-08-06,1,13.59,Credit Card
563,302,413,2024-03-22,3,68.61,Credit Card
564,83,309,2024-09-17,1,51.6,PayPal
565,242,362,2024-08-13,1,45.83,Credit Card
566,234,38,2024-06-19,2,54.55,PayPal
567,108,124,2024-08-03,3,65.84,PayPal
568,11,216,2024-03-27,3,22.23,Credit Card
569,187,339,2024-03-18,3,27.13,PayPal
570,9,291,2024-01-21,1,26.41,PayPal
571,304,112,2024-10-09,3,37.49,Cash
572,16,334,2024-09-17,2,51.74,Cash
573,179,244,2024-05-17,1,33.34,Cash
574,185,425,2024-01-08,1,46.72,Cash
575,241,298,2024-06-02,1,69.63,PayPal
576,102,395,2024-08-04,2,61.27,Cash
577,117,395,2024-08-31,1,52.03,PayPal
578,297,452,2024-05-17,2,32.54,PayPal
579,205,417,2024-01-08,3,84.62,PayPal
580,149,210,2024-07-06,3,43.02,PayPal
581,63,196,2024-05-23,3,98.23,Cash
582,258,238,2024-07-28,2,30.68,Credit Card
583,60,400,2024-07-31,2,81.02,Credit Card
584,254,127,2024-06-06,2,67.67,Credit Card
585,177,427,2024-09-27,3,62.87,PayPal
586,231,438,2024-04-04,2,15.54,Credit Card
587,68,304,2024-09-28,2,19.05,Cash
588,160,274,2024-05-11,3,80.0,PayPal
589,276,280,2024-08-30,2,99.96,Cash
590,101,48,2024-07-03,2,78.66,Credit Card
591,124,97,2024-08-22,3,55.87,PayPal
592,132,26,2024-09-01,2,10.44,Cash
593,147,189,2024-09-03,2,86.02,Credit Card
594,77,185,2024-05-29,2,58.09,PayPal
595,269,406,2024-04-10,2,25.79,PayPal
596,95,418,2024-06-22,2,90.06,Credit Card
597,6,284,2024-04-20,1,48.41,PayPal
598,124,402,2024-03-31,2,59.7,PayPal
599,287,317,2024-05-25,2,93.93,PayPal
600,239,425,2024-10-07,1,41.9,Cash
601,285,211,2024-07-23,3,85.36,Cash
602,133,309,2024-04-06,3,50.83,PayPal
603,122,143,2024-05-13,2,43.67,Credit Card
604,11,262,2024-09-23,2,85.14,PayPal
605,168,31,2024-01-09,3,46.84,Credit Card
606,83,186,2024-02-21,3,12.13,PayPal
607,50,342,2024-10-14,1,26.94,PayPal
608,236,32,2024-06-06,1,94.67,PayPal
609,66,51,2024-08-04,1,11.91,Credit Card
610,418,597,2024-02-15,2,89.31,Cash
611,270,80,2024-03-02,1,35.8,Cash
612,447,850,2024-06-13,1,55.55,Cash
613,394,301,2024-04-01,3,26.24,PayPal
614,386,388,2024-01-11,1,33.18,Credit Card
615,77,441,2024-07-09,3,7.41,PayPal
616,280,60,2024-07-12,2,40.12,Cash
617,758,803,2024-04-22,1,99.16,Credit Card
618,261,263,2024-10-18,3,52.93,Credit Card
619,14,158,2024-07-14,2,39.34,Cash
620,687,416,2024-08-04,3,63.13,Credit Card
621,210,681,2024-05-09,3,11.59,Cash
622,556,501,2024-01-02,2,53.24,Cash
623,597,833,2024-05-23,2,62.51,Cash
624,68,645,2024-07-30,2,64.82,Credit Card
625,53,645,2024-10-13,2,45.46,PayPal
626,746,323,2024-06-19,3,44.36,Cash
627,90,817,2024-10-15,1,75.97,Cash
628,140,517,2024-07-04,1,14.52,PayPal
629,764,353,2024-02-24,1,94.75,Cash
630,126,72,2024-01-04,2,75.47,PayPal
631,451,41,2024-09-01,1,81.44,Credit Card
632,413,821,2024-06-06,3,24.74,Credit Card
633,634,436,2024-08-28,1,12.93,Credit Card
634,460,676,2024-09-23,1,16.66,Credit Card
635,140,452,2024-06-07,3,78.0,Credit Card
636,55,800,2024-02-02,1,59.9,Cash
637,346,204,2024-05-20,2,31.3,Credit Card
638,193,764,2024-10-03,3,33.67,PayPal
639,642,156,2024-06-10,3,38.98,Credit Card
640,353,494,2024-01-08,1,94.23,Cash
641,455,698,2024-09-14,3,29.02,Credit Card
642,110,222,2024-08-01,1,32.27,PayPal
643,495,85,2024-10-19,3,77.03,Credit Card
644,169,679,2024-05-22,2,89.06,Cash
645,37,18,2024-10-05,3,90.55,PayPal
646,737,246,2024-06-20,3,20.53,Cash
647,783,624,2024-02-07,3,77.88,PayPal
648,553,55,2024-02-16,3,54.88,PayPal
649,755,215,2024-05-12,1,21.52,Credit Card
650,649,586,2024-05-21,3,38.43,Cash
651,713,114,2024-01-25,1,95.64,Cash
652,599,122,2024-08-30,3,57.36,Cash
653,311,429,2024-02-26,1,39.09,Credit Card
654,635,850,2024-07-19,1,87.56,PayPal
655,654,288,2024-10-16,3,56.03,PayPal
656,23,776,2024-02-26,2,12.39,PayPal
657,621,276,2024-08-06,1,13.69,Cash
658,223,541,2024-03-08,3,47.11,Cash
659,191,220,2024-10-07,2,76.14,Credit Card
660,518,803,2024-06-02,1,15.02,PayPal
661,729,90,2024-04-19,3,80.76,PayPal
662,638,691,2024-01-09,2,79.15,Credit Card
663,805,287,2024-07-04,2,86.67,PayPal
664,360,556,2024-09-02,1,89.15,Credit Card
665,94,599,2024-01-08,3,50.05,Cash
666,274,793,2024-04-05,1,55.34,Cash
667,661,770,2024-10-09,3,29.51,Credit Card
668,347,202,2024-08-08,3,19.23,Cash
669,171,334,2024-08-12,1,52.21,Cash
670,128,712,2024-02-26,3,17.23,Cash
671,68,852,2024-04-19,1,33.34,Credit Card
672,44,774,2024-04-15,1,87.79,Credit Card
673,41,691,2024-09-27,2,44.37,Cash
674,304,66,2024-04-27,3,27.8,Credit Card
675,389,348,2024-04-17,2,37.1,Cash
676,204,627,2024-10-15,3,71.86,PayPal
677,546,567,2024-02-24,1,29.34,PayPal
678,557,739,2024-08-25,1,32.18,PayPal
679,307,456,2024-10-14,2,41.18,Cash
680,661,326,2024-03-14,2,36.47,Credit Card
681,783,456,2024-07-13,2,71.85,PayPal
682,374,736,2024-10-07,3,49.22,Credit Card
683,308,788,2024-08-29,3,19.21,Credit Card
684,451,424,2024-03-28,2,94.6,Cash
685,655,129,2024-06-23,3,96.65,PayPal
686,525,404,2024-10-20,3,70.28,PayPal
687,417,238,2024-03-22,1,84.05,Cash
688,444,243,2024-08-25,3,92.33,Cash
689,415,266,2024-01-24,3,40.95,Cash
690,121,598,2024-04-14,3,5.23,Cash
691,393,161,2024-02-27,3,87.17,PayPal
692,735,151,2024-01-17,3,82.35,Cash
693,162,163,2024-04-05,3,17.36,Credit Card
694,524,696,2024-09-06,1,91.46,Credit Card
695,505,642,2024-01-08,2,15.77,Credit Card
696,552,829,2024-06-08,1,57.58,Credit Card
697,707,718,2024-09-25,3,45.53,Cash
698,145,39,2024-07-31,1,37.15,Cash
699,430,552,2024-08-06,1,28.6,PayPal
700,483,814,2024-04-25,3,13.41,Credit Card
701,548,181,2024-10-19,1,59.37,Credit Card
702,668,272,2024-05-19,1,80.12,PayPal
703,262,828,2024-02-24,3,11.47,PayPal
704,594,349,2024-04-26,3,60.39,Cash
705,159,795,2024-03-08,2,90.58,PayPal
706,68,490,2024-07-13,3,68.89,PayPal
707,278,726,2024-02-01,1,67.44,PayPal
708,343,39,2024-04-18,3,83.0,PayPal
709,83,130,2024-04-28,2,46.69,Cash
710,267,659,2024-04-03,1,10.32,Cash
711,588,85,2024-01-04,1,30.72,PayPal
712,653,693,2024-08-05,3,94.47,PayPal
713,506,782,2024-07-09,1,54.31,PayPal
714,607,743,2024-09-17,3,11.33,PayPal
715,65,543,2024-06-18,1,91.06,Credit Card
716,104,710,2024-02-21,1,42.9,PayPal
717,723,511,2024-05-25,3,33.55,Credit Card
718,486,183,2024-07-23,3,39.78,PayPal
719,510,702,2024-03-15,1,78.27,Cash
720,392,688,2024-08-26,2,16.9,Credit Card
721,535,74,2024-10-14,2,54.69,Cash
722,240,705,2024-05-09,1,28.94,Cash
723,43,46,2024-01-15,1,60.62,Cash
724,287,507,2024-05-29,2,70.15,PayPal
725,248,569,2024-01-30,1,38.46,Credit Card
726,289,548,2024-02-16,3,62.67,Cash
727,565,20,2024-01-26,1,61.0,PayPal
728,373,305,2024-07-20,2,97.87,PayPal
729,29,21,2024-10-07,2,71.11,PayPal
730,227,779,2024-04-07,1,27.27,PayPal
731,530,611,2024-09-26,2,33.67,Cash
732,362,36,2024-10-01,2,17.66,PayPal
733,29,109,2024-06-04,3,96.85,Credit Card
734,771,263,2024-07-27,2,86.87,PayPal
735,103,366,2024-08-08,1,28.23,PayPal
736,682,527,2024-01-25,3,75.83,Cash
737,732,839,2024-04-13,3,37.99,PayPal
738,773,337,2024-08-24,2,66.94,Cash
739,389,691,2024-03-21,3,95.2,PayPal
740,484,432,2024-01-01,1,90.75,Cash
741,620,445,2024-02-12,2,81.12,PayPal
742,323,524,2024-06-04,1,99.49,PayPal
743,271,528,2024-06-07,2,46.6,PayPal
744,322,275,2024-09-18,2,74.45,Cash
745,699,218,2024-01-19,1,20.93,Cash
746,524,654,2024-09-26,1,57.31,Cash
747,132,636,2024-05-19,3,78.68,PayPal
748,608,295,2024-07-12,3,55.18,Credit Card
749,781,275,2024-06-09,3,43.97,Credit Card
750,195,682,2024-01-11,2,28.21,PayPal
751,327,753,2024-07-10,1,70.54,Credit Card
752,186,577,2024-04-19,1,41.87,Cash
753,704,52,2024-06-17,1,62.68,PayPal
754,535,128,2024-01-06,1,42.69,Credit Card
755,459,618,2024-09-14,2,30.0,Cash
756,24,287,2024-08-27,1,12.54,Credit Card
757,467,414,2024-01-16,2,92.45,PayPal
758,461,533,2024-08-30,3,42.06,Credit Card
759,94,27,2024-02-16,1,39.17,Credit Card
760,741,710,2024-02-12,2,52.34,PayPal
761,62,368,2024-01-15,2,75.26,Cash
762,399,659,2024-05-06,3,75.94,Credit Card
763,151,655,2024-05-23,1,59.55,Cash
764,12,75,2024-06-12,2,22.74,PayPal
765,591,440,2024-09-28,1,64.73,PayPal
766,18,730,2024-06-23,2,90.85,Cash
767,181,825,2024-07-27,2,36.62,Cash
768,327,725,2024-05-04,3,77.67,PayPal
769,39,808,2024-03-30,3,92.61,PayPal
770,355,298,2024-07-03,1,91.7,Cash
771,523,675,2024-02-21,3,85.47,PayPal
772,277,590,2024-04-14,3,66.16,Cash
773,565,733,2024-01-26,3,51.2,PayPal
774,289,377,2024-03-15,2,69.35,Cash
775,560,360,2024-07-15,2,63.93,Cash
776,762,335,2024-07-17,1,37.51,Credit Card
777,529,676,2024-01-25,1,57.1,Credit Card
778,204,508,2024-09-23,3,32.39,Credit Card
779,297,475,2024-06-23,3,10.04,Cash
780,538,60,2024-01-14,1,40.9,Credit Card
781,294,810,2024-07-29,3,72.92,PayPal
782,397,337,2024-05-21,1,18.46,Cash
783,48,360,2024-04-30,3,58.4,Credit Card
784,74,774,2024-03-15,2,36.52,Credit Card
785,502,731,2024-01-26,3,75.15,Cash
786,172,107,2024-04-12,2,95.44,Cash
787,361,92,2024-03-03,2,73.21,PayPal
788,27,277,2024-02-27,2,93.21,Cash
789,698,543,2024-01-28,2,19.67,Credit Card
790,322,506,2024-01-18,3,48.45,PayPal
791,516,846,2024-10-09,3,50.92,Credit Card
792,629,669,2024-05-09,2,99.01,PayPal
793,257,629,2024-09-26,1,9.06,PayPal
794,45,834,2024-04-28,3,48.09,Credit Card
795,453,149,2024-01-15,2,70.15,PayPal
796,30,552,2024-01-15,2,36.64,Credit Card
797,456,458,2024-09-23,2,82.11,PayPal
798,794,99,2024-04-12,1,80.66,Cash
799,341,503,2024-09-17,3,26.88,Credit Card
800,17,718,2024-02-06,2,10.52,PayPal
801,342,339,2024-08-31,3,65.13,PayPal
802,766,489,2024-10-15,3,78.93,Credit Card
803,226,671,2024-07-30,2,51.72,PayPal
804,536,702,2024-05-15,3,94.95,Cash
805,220,524,2024-07-14,1,60.0,PayPal
806,183,771,2024-04-28,3,33.86,PayPal
807,177,283,2024-01-15,1,27.45,Cash
808,154,145,2024-07-11,1,10.45,Cash
809,724,357,2024-01-09,3,55.9,Credit Card
810,59,180,2024-10-10,1,7.4,PayPal
811,703,633,2024-03-15,3,54.58,PayPal
812,277,77,2024-08-24,2,27.0,Credit Card
813,429,123,2024-01-15,2,54.87,PayPal
814,342,403,2024-08-26,3,35.5,PayPal
815,130,178,2024-02-12,1,42.24,Cash
816,468,652,2024-02-17,3,23.61,PayPal
817,189,377,2024-04-03,3,29.93,Credit Card
818,808,438,2024-01-01,2,37.81,Cash
819,409,484,2024-03-17,3,51.83,Cash
820,473,7,2024-04-03,2,89.24,Credit Card
821,425,367,2024-06-10,2,64.72,PayPal
822,113,539,2024-02-21,1,14.14,Credit Card
823,562,266,2024-10-04,3,66.2,Cash
824,98,322,2024-09-16,2,27.45,Cash
825,702,842,2024-04-21,1,38.2,Credit Card
826,104,654,2024-09-30,3,84.63,Credit Card
827,265,804,2024-06-10,1,82.6,PayPal
828,534,384,2024-06-09,1,85.03,Credit Card
829,479,788,2024-04-27,3,9.15,PayPal
830,762,343,2024-09-30,2,31.05,Cash
831,419,796,2024-02-12,3,25.22,PayPal
832,577,156,2024-06-12,1,84.49,Cash
833,413,145,2024-10-11,1,93.95,Credit Card
834,248,371,2024-01-16,1,85.22,PayPal
835,204,268,2024-04-13,3,73.51,Credit Card
836,638,49,2024-07-10,1,55.28,Cash
837,221,725,2024-01-26,3,35.52,PayPal
838,175,3,2024-06-19,3,13.51,Credit Card
839,408,720,2024-03-29,2,15.59,Cash
840,197,281,2024-01-15,1,19.11,PayPal
841,129,676,2024-01-18,3,85.46,PayPal
842,295,230,2024-05-24,3,73.7,Credit Card
843,99,354,2024-01-23,1,64.66,Cash
844,520,383,2024-06-10,1,89.32,Cash
845,373,773,2024-06-23,1,84.72,Cash
846,464,249,2024-02-29,3,49.82,PayPal
847,520,806,2024-07-23,2,17.77,Cash
848,672,41,2024-10-22,3,30.72,Cash
849,103,642,2024-08-04,1,75.08,Credit Card
850,242,628,2024-06-12,1,10.28,Credit Card
851,59,317,2024-07-20,1,78.36,PayPal
852,232,379,2024-08-06,2,43.63,Cash
853,379,545,2024-03-10,2,46.78,PayPal
854,756,341,2024-05-19,2,43.59,Credit Card
855,328,221,2024-03-16,1,50.17,PayPal
856,581,115,2024-03-01,1,64.49,Credit Card
857,679,363,2024-07-10,2,16.07,Credit Card
858,140,204,2024-06-04,1,77.29,Cash
859,259,751,2024-03-18,3,59.62,Credit Card
860,439,334,2024-09-02,1,23.61,Cash
861,90,637,2024-05-07,3,95.45,PayPal
862,179,427,2024-02-03,2,58.73,PayPal
863,89,829,2024-09-11,2,30.66,Cash
864,507,517,2024-05-13,2,13.33,Credit Card
865,9,589,2024-07-11,2,19.74,PayPal
866,577,318,2024-06-30,2,48.83,Cash
867,530,593,2024-05-22,3,91.84,PayPal
868,153,300,2024-09-15,1,20.33,Credit Card
869,755,533,2024-08-13,1,53.04,Cash
870,433,665,2024-03-27,2,49.91,PayPal
871,101,160,2024-06-13,3,75.97,Cash
872,262,260,2024-05-21,3,64.62,Cash
873,393,138,2024-03-07,2,26.5,Credit Card
874,467,537,2024-05-24,1,28.44,Credit Card
875,127,556,2024-06-13,1,97.44,Cash
876,721,486,2024-05-18,1,89.41,Cash
877,113,442,2024-06-18,3,63.27,PayPal
878,515,816,2024-01-29,3,89.39,Credit Card
879,224,571,2024-07-03,1,84.14,Cash
880,346,212,2024-05-30,3,13.33,Credit Card
881,802,367,2024-03-25,1,57.63,PayPal
882,611,152,2024-06-12,1,24.09,Credit Card
883,554,184,2024-02-05,2,10.58,Credit Card
884,164,715,2024-06-10,3,64.72,Cash
885,357,504,2024-07-24,2,15.45,Cash
886,384,765,2024-06-04,2,37.19,Credit Card
887,79,342,2024-01-23,1,22.99,Credit Card
888,748,693,2024-03-16,2,18.36,PayPal
889,85,166,2024-04-24,3,47.14,Credit Card
890,148,159,2024-01-05,3,7.44,Credit Card
891,88,152,2024-06-11,2,70.36,Cash
892,678,661,2024-10-20,1,40.8,Cash
893,388,412,2024-04-25,3,48.78,Cash
894,107,46,2024-08-20,2,36.55,PayPal
895,118,739,2024-09-13,3,24.51,Credit Card
896,500,594,2024-03-18,1,79.97,Cash
897,607,7,2024-06-24,2,73.57,Credit Card
898,687,431,2024-03-26,3,98.83,Cash
899,719,468,2024-09-06,1,73.85,Cash
900,260,102,2024-06-22,1,98.64,Credit Card
901,396,286,2024-04-25,3,55.72,Cash
902,138,200,2024-07-24,2,18.7,PayPal
903,381,428,2024-08-09,3,9.89,PayPal
904,342,635,2024-04-19,3,93.27,PayPal
905,348,391,2024-09-19,2,65.99,Cash
906,174,675,2024-03-31,3,75.89,Cash
907,354,626,2024-06-14,1,14.67,Cash
908,221,678,2024-07-06,2,14.19,PayPal
909,84,803,2024-06-07,3,82.66,PayPal
910,762,117,2024-03-15,3,50.85,Cash
911,551,636,2024-02-06,3,97.7,Credit Card
912,179,214,2024-08-21,2,59.99,PayPal
913,485,377,2024-06-19,3,13.53,Cash
914,729,154,2024-07-20,3,78.67,PayPal
915,50,84,2024-05-18,1,5.43,PayPal
916,495,30,2024-03-13,3,39.81,Cash
917,610,124,2024-07-25,1,68.04,Cash
918,718,665,2024-04-09,3,74.23,Credit Card
919,432,495,2024-05-11,2,45.23,Credit Card
920,745,721,2024-06-08,3,69.58,PayPal
921,449,588,2024-09-27,1,53.15,PayPal
922,697,457,2024-05-26,3,98.09,PayPal
923,6,128,2024-02-13,2,99.15,Credit Card
924,598,381,2024-09-09,3,54.18,Cash
925,111,199,2024-09-22,2,98.18,Credit Card
926,267,647,2024-08-25,3,26.9,PayPal
927,645,562,2024-09-27,3,9.59,Cash
928,439,96,2024-10-12,3,49.73,PayPal
929,419,168,2024-06-19,3,99.25,PayPal
930,220,718,2024-01-29,1,53.22,Credit Card
931,580,803,2024-10-08,1,36.7,PayPal
932,223,655,2024-02-19,2,66.14,Credit Card
933,737,145,2024-02-26,1,63.11,PayPal
934,242,449,2024-10-05,2,52.52,PayPal
935,501,397,2024-06-23,1,67.75,Cash
936,22,495,2024-02-27,2,53.83,Credit Card
937,336,397,2024-08-22,1,30.9,Cash
938,729,93,2024-01-17,3,65.77,PayPal
939,755,194,2024-08-04,1,57.9,Cash
940,481,500,2024-01-28,3,79.08,Credit Card
941,319,210,2024-08-18,3,50.41,Cash
942,206,749,2024-02-06,2,19.26,Credit Card
943,692,675,2024-05-08,1,20.6,Credit Card
944,519,853,2024-08-14,1,43.05,PayPal
945,580,36,2024-04-01,1,75.21,Cash
946,615,302,2024-05-29,2,52.61,PayPal
947,335,765,2024-04-03,2,78.49,Cash
948,131,699,2024-05-03,3,60.49,PayPal
949,744,185,2024-05-15,2,46.28,Cash
950,774,153,2024-05-28,1,53.14,Credit Card
951,213,468,2024-08-04,1,69.01,PayPal
952,325,386,2024-09-04,1,81.81,PayPal
953,443,727,2024-01-22,3,25.49,Cash
954,460,428,2024-06-11,3,7.01,PayPal
955,107,833,2024-10-04,1,80.04,Credit Card
956,735,784,2024-01-29,2,59.92,Credit Card
957,797,307,2024-05-26,2,90.57,Cash
958,32,152,2024-09-24,1,15.74,Cash
959,332,351,2024-07-03,2,21.74,PayPal
960,723,396,2024-02-25,3,62.13,Cash
961,521,170,2024-07-22,3,52.04,Cash
962,316,282,2024-10-03,1,34.7,Credit Card
963,586,164,2024-10-06,1,27.71,Credit Card
964,480,792,2024-01-28,2,48.37,PayPal
965,267,128,2024-01-20,3,14.84,Cash
966,106,799,2024-07-21,2,65.22,Cash
967,586,458,2024-07-19,1,62.24,Cash
968,768,148,2024-05-04,1,28.68,Credit Card
969,664,638,2024-06-03,3,97.01,Cash
970,661,687,2024-09-24,2,76.51,Cash
971,648,280,2024-05-22,1,27.7,PayPal
972,204,156,2024-04-13,1,15.28,PayPal
973,690,592,2024-09-27,2,67.58,Credit Card
974,709,16,2024-06-13,2,80.41,Cash
975,757,416,2024-02-10,3,78.0,Cash
976,669,271,2024-01-07,3,74.12,Cash
977,182,602,2024-01-30,3,65.33,PayPal
978,361,403,2024-05-11,1,85.64,Credit Card
979,15,384,2024-01-21,1,55.9,PayPal
980,128,137,2024-06-30,1,83.99,Credit Card
981,762,725,2024-06-11,1,6.41,Cash
982,482,584,2024-06-08,3,85.96,PayPal
983,124,816,2024-10-03,1,70.35,Credit Card
984,723,314,2024-03-10,1,31.95,PayPal
985,794,486,2024-03-04,1,6.54,PayPal
986,266,706,2024-10-01,1,78.88,Cash
987,797,430,2024-01-09,1,43.08,Credit Card
988,653,613,2024-07-14,1,57.64,Credit Card
989,531,752,2024-09-26,3,55.69,Credit Card
990,489,29,2024-06-04,3,78.52,PayPal
991,590,191,2024-09-16,2,33.91,Cash
992,676,596,2024-01-18,1,34.28,Credit Card
993,461,373,2024-01-03,2,24.23,Cash
994,223,463,2024-03-27,1,93.77,PayPal
995,500,449,2024-06-28,3,32.66,Cash
996,284,547,2024-03-03,2,35.61,Cash
997,548,510,2024-09-05,2,99.1,Credit Card
998,616,66,2024-10-18,1,61.15,PayPal
999,655,255,2024-02-06,3,21.56,Credit Card
1000,561,848,2024-03-27,3,38.66,Cash
1001,254,101,2024-07-30,1,51.81,PayPal
1002,564,777,2024-05-16,3,92.05,Cash
1003,223,464,2024-09-19,3,58.95,Cash
1004,33,301,2024-09-10,3,64.31,Credit Card
1005,376,343,2024-08-23,2,14.29,Credit Card
1006,605,584,2024-07-06,3,98.0,Credit Card
1007,260,657,2024-09-24,1,51.62,Credit Card
1008,616,724,2024-02-03,2,19.84,PayPal
1009,642,12,2024-09-11,2,7.45,Cash
1010,88,482,2024-05-22,2,24.34,PayPal
1011,282,471,2024-02-24,1,80.62,PayPal
1012,766,658,2024-05-17,3,32.3,Cash
1013,314,839,2024-02-27,2,96.76,PayPal
1014,543,142,2024-05-09,3,87.18,Cash
1015,399,237,2024-03-20,3,50.71,Cash
1016,219,132,2024-02-22,1,98.11,Cash
1017,246,232,2024-07-26,2,19.8,Credit Card
1018,565,340,2024-01-01,3,55.3,PayPal
1019,661,830,2024-08-16,2,45.69,Cash
1020,631,725,2024-06-10,3,16.43,PayPal
1021,366,67,2024-07-25,2,8.42,PayPal
1022,552,359,2024-09-01,3,83.69,PayPal
1023,276,30,2024-01-16,2,6.79,Cash
1024,735,500,2024-05-23,1,71.75,Credit Card
1025,299,345,2024-06-30,2,29.91,Credit Card
1026,240,726,2024-06-24,1,14.91,PayPal
1027,553,640,2024-09-07,2,43.0,Cash
1028,221,538,2024-01-17,1,74.03,Credit Card
1029,663,672,2024-03-20,1,72.75,PayPal
1030,602,173,2024-01-22,1,48.3,Cash
1031,294,246,2024-09-14,3,44.49,Cash
1032,264,373,2024-05-30,3,5.25,Cash
1033,199,632,2024-05-05,2,51.45,PayPal
1034,749,151,2024-03-21,3,19.53,Credit Card
1035,398,502,2024-03-02,1,9.53,Cash
1036,114,38,2024-01-23,2,47.81,Cash
1037,465,104,2024-07-02,1,30.95,Cash
1038,506,254,2024-03-31,1,70.98,PayPal
1039,556,289,2024-06-04,2,30.2,Credit Card
1040,66,437,2024-07-02,3,54.23,Cash
1041,6,361,2024-08-31,2,93.66,Credit Card
1042,296,28,2024-07-11,2,42.67,Credit Card
1043,660,681,2024-06-02,1,16.04,PayPal
1044,20,636,2024-08-07,2,67.53,Credit Card
1045,602,272,2024-01-17,1,8.65,Credit Card
1046,229,632,2024-05-24,2,50.97,PayPal
1047,517,606,2024-05-10,3,57.56,Credit Card
1048,394,344,2024-03-05,2,56.42,PayPal
1049,245,214,2024-06-27,3,12.53,Credit Card
1050,368,778,2024-06-25,2,99.12,Cash
1051,108,490,2024-04-22,2,98.61,Credit Card
1052,85,514,2024-05-06,3,76.77,Credit Card
1053,205,461,2024-01-07,2,23.15,Cash
1054,251,747,2024-07-11,3,40.12,Cash
1055,370,67,2024-09-28,1,99.53,PayPal
1056,642,138,2024-04-11,1,37.84,PayPal
1057,313,183,2024-09-12,2,52.57,PayPal
1058,687,77,2024-03-03,1,39.95,PayPal
1059,566,518,2024-10-21,1,19.99,PayPal
1060,752,583,2024-05-19,1,57.55,PayPal
1061,304,687,2024-08-29,2,36.55,Credit Card
1062,637,15,2024-02-29,3,44.51,Credit Card
1063,36,546,2024-02-22,1,82.36,PayPal
1064,774,158,2024-04-09,3,34.85,Cash
1065,786,299,2024-08-09,3,60.33,PayPal
1066,709,391,2024-04-15,1,6.58,PayPal
1067,606,395,2024-06-22,2,62.14,Credit Card
1068,40,102,2024-06-04,2,14.75,Cash
1069,676,713,2024-05-19,3,83.12,Credit Card
1070,735,734,2024-07-01,3,35.46,PayPal
1071,466,690,2024-06-02,2,43.58,PayPal
1072,320,79,2024-09-03,1,67.06,Credit Card
1073,260,386,2024-04-04,1,24.28,Credit Card
1074,11,251,2024-09-18,2,14.48,PayPal
1075,697,665,2024-01-11,3,71.77,Credit Card
1076,345,723,2024-05-01,3,80.96,Cash
1077,639,220,2024-06-19,1,36.64,Credit Card
1078,727,45,2024-06-02,1,23.67,PayPal
1079,764,638,2024-04-15,2,45.48,Credit Card
1080,346,89,2024-04-23,1,63.78,Cash
1081,411,772,2024-08-06,1,57.91,Cash
1082,729,534,2024-04-16,3,18.07,Cash
1083,724,209,2024-01-26,2,35.98,Cash
1084,323,691,2024-09-05,2,91.77,PayPal
1085,243,672,2024-08-01,1,59.58,Cash
1086,733,124,2024-03-20,1,23.72,PayPal
1087,197,310,2024-06-28,3,93.99,Credit Card
1088,345,537,2024-01-09,3,29.21,PayPal
1089,437,847,2024-06-03,2,42.06,PayPal
1090,746,41,2024-02-14,2,26.98,Credit Card
1091,39,784,2024-04-19,1,55.14,Credit Card
1092,232,138,2024-01-26,2,86.54,PayPal
1093,784,359,2024-09-28,3,16.61,PayPal
1094,83,811,2024-05-07,3,11.52,Credit Card
1095,695,278,2024-10-07,1,55.24,Credit Card
1096,653,39,2024-03-07,1,76.95,Credit Card
1097,720,247,2024-04-15,3,20.68,Cash
1098,621,468,2024-02-10,2,21.32,Cash
1099,647,27,2024-01-06,3,79.58,Credit Card
1100,463,454,2024-10-02,3,48.69,PayPal
1101,228,363,2024-06-19,2,69.63,Credit Card
1102,608,548,2024-09-13,3,53.94,Credit Card
1103,674,495,2024-09-19,1,51.23,Cash
1104,447,610,2024-08-11,3,87.03,Cash
1105,253,407,2024-07-04,3,40.77,Credit Card
1106,76,149,2024-10-15,1,83.38,Credit Card
1107,274,186,2024-04-12,1,27.0,PayPal
1108,793,794,2024-06-28,2,17.47,PayPal
